
  .   ____          _            __ _ _
 /\\ / ___'_ __ _ _(_)_ __  __ _ \ \ \ \
( ( )\___ | '_ | '_| | '_ \/ _` | \ \ \ \
 \\/  ___)| |_)| | | | | || (_| |  ) ) ) )
  '  |____| .__|_| |_|_| |_\__, | / / / /
 =========|_|==============|___/=/_/_/_/

 :: Spring Boot ::                (v3.4.1)

2026-08-03T22:25:56.082-06:00  INFO 3056 --- [discovery-service] [           main] c.l.d.DiscoveryServiceApplication        : Starting DiscoveryServiceApplication v1.0.0-SNAPSHOT using Java 22.0.2 with PID 3056 (C:\DDI\luxray\backend\discovery-service\target\discovery-service-1.0.0-SNAPSHOT.jar started by sergi in C:\DDI\luxray\backend)
2026-08-03T22:25:56.092-06:00  INFO 3056 --- [discovery-service] [           main] c.l.d.DiscoveryServiceApplication        : No active profile set, falling back to 1 default profile: "default"
2026-08-03T22:26:00.855-06:00  INFO 3056 --- [discovery-service] [           main] o.s.cloud.context.scope.GenericScope     : BeanFactory id=b93bcb10-9c20-3d1f-875e-5c9a502855b9
2026-08-03T22:26:02.100-06:00  INFO 3056 --- [discovery-service] [           main] o.s.b.w.embedded.tomcat.TomcatWebServer  : Tomcat initialized with port 8761 (http)
2026-08-03T22:26:02.158-06:00  INFO 3056 --- [discovery-service] [           main] o.apache.catalina.core.StandardService   : Starting service [Tomcat]
2026-08-03T22:26:02.174-06:00  INFO 3056 --- [discovery-service] [           main] o.apache.catalina.core.StandardEngine    : Starting Servlet engine: [Apache Tomcat/10.1.34]
2026-08-03T22:26:02.308-06:00  INFO 3056 --- [discovery-service] [           main] o.a.c.c.C.[Tomcat].[localhost].[/]       : Initializing Spring embedded WebApplicationContext
2026-08-03T22:26:02.320-06:00  INFO 3056 --- [discovery-service] [           main] w.s.c.ServletWebServerApplicationContext : Root WebApplicationContext: initialization completed in 5990 ms
2026-08-03T22:26:07.987-06:00  INFO 3056 --- [discovery-service] [           main] c.n.d.provider.DiscoveryJerseyProvider   : Using JSON encoding codec LegacyJacksonJson
2026-08-03T22:26:07.991-06:00  INFO 3056 --- [discovery-service] [           main] c.n.d.provider.DiscoveryJerseyProvider   : Using JSON decoding codec LegacyJacksonJson
2026-08-03T22:26:09.212-06:00  INFO 3056 --- [discovery-service] [           main] c.n.d.provider.DiscoveryJerseyProvider   : Using XML encoding codec XStreamXml
2026-08-03T22:26:09.217-06:00  INFO 3056 --- [discovery-service] [           main] c.n.d.provider.DiscoveryJerseyProvider   : Using XML decoding codec XStreamXml
2026-08-03T22:26:10.288-06:00  INFO 3056 --- [discovery-service] [           main] o.s.v.b.OptionalValidatorFactoryBean     : Failed to set up a Bean Validation provider: jakarta.validation.NoProviderFoundException: Unable to create a Configuration, because no Jakarta Bean Validation provider could be found. Add a provider like Hibernate Validator (RI) to your classpath.
2026-08-03T22:26:13.965-06:00  WARN 3056 --- [discovery-service] [           main] iguration$LoadBalancerCaffeineWarnLogger : Spring Cloud LoadBalancer is currently working with the default cache. While this cache implementation is useful for development and tests, it's recommended to use Caffeine cache in production.You can switch to using Caffeine cache, by adding it and org.springframework.cache.caffeine.CaffeineCacheManager to the classpath.
2026-08-03T22:26:14.069-06:00  INFO 3056 --- [discovery-service] [           main] o.s.c.n.eureka.InstanceInfoFactory       : Setting initial instance status as: STARTING
2026-08-03T22:26:14.157-06:00  INFO 3056 --- [discovery-service] [           main] com.netflix.discovery.DiscoveryClient    : Initializing Eureka in region us-east-1
2026-08-03T22:26:14.158-06:00  INFO 3056 --- [discovery-service] [           main] com.netflix.discovery.DiscoveryClient    : Client configured to neither register nor query for data.
2026-08-03T22:26:14.168-06:00  INFO 3056 --- [discovery-service] [           main] com.netflix.discovery.DiscoveryClient    : Discovery Client initialized at timestamp 1785817574166 with initial instances count: 0
2026-08-03T22:26:14.391-06:00  INFO 3056 --- [discovery-service] [           main] c.n.eureka.DefaultEurekaServerContext    : Initializing ...
2026-08-03T22:26:14.405-06:00  WARN 3056 --- [discovery-service] [           main] c.n.eureka.cluster.PeerEurekaNodes       : The replica size seems to be empty. Check the route 53 DNS Registry
2026-08-03T22:26:14.442-06:00  INFO 3056 --- [discovery-service] [           main] c.n.e.registry.AbstractInstanceRegistry  : Finished initializing remote region registries. All known remote regions: []
2026-08-03T22:26:14.448-06:00  INFO 3056 --- [discovery-service] [           main] c.n.eureka.DefaultEurekaServerContext    : Initialized
2026-08-03T22:26:14.516-06:00  INFO 3056 --- [discovery-service] [           main] o.s.b.a.e.web.EndpointLinksResolver      : Exposing 2 endpoints beneath base path '/actuator'
2026-08-03T22:26:14.702-06:00  INFO 3056 --- [discovery-service] [           main] o.s.c.n.e.s.EurekaServiceRegistry        : Registering application DISCOVERY-SERVICE with eureka with status UP
2026-08-03T22:26:14.759-06:00  INFO 3056 --- [discovery-service] [       Thread-9] o.s.c.n.e.server.EurekaServerBootstrap   : isAws returned false
2026-08-03T22:26:14.764-06:00  INFO 3056 --- [discovery-service] [       Thread-9] o.s.c.n.e.server.EurekaServerBootstrap   : Initialized server context
2026-08-03T22:26:14.765-06:00  INFO 3056 --- [discovery-service] [       Thread-9] c.n.e.r.PeerAwareInstanceRegistryImpl    : Got 1 instances from neighboring DS node
2026-08-03T22:26:14.766-06:00  INFO 3056 --- [discovery-service] [       Thread-9] c.n.e.r.PeerAwareInstanceRegistryImpl    : Renew threshold is: 1
2026-08-03T22:26:14.768-06:00  INFO 3056 --- [discovery-service] [       Thread-9] c.n.e.r.PeerAwareInstanceRegistryImpl    : Changing status to UP
2026-08-03T22:26:14.774-06:00  INFO 3056 --- [discovery-service] [       Thread-9] e.s.EurekaServerInitializerConfiguration : Started Eureka Server
2026-08-03T22:26:14.792-06:00  INFO 3056 --- [discovery-service] [           main] o.s.b.w.embedded.tomcat.TomcatWebServer  : Tomcat started on port 8761 (http) with context path '/'
2026-08-03T22:26:14.796-06:00  INFO 3056 --- [discovery-service] [           main] .s.c.n.e.s.EurekaAutoServiceRegistration : Updating port to 8761
2026-08-03T22:26:14.857-06:00  INFO 3056 --- [discovery-service] [           main] c.l.d.DiscoveryServiceApplication        : Started DiscoveryServiceApplication in 20.807 seconds (process running for 22.648)
2026-08-03T22:26:16.984-06:00  INFO 3056 --- [discovery-service] [nio-8761-exec-1] o.a.c.c.C.[Tomcat].[localhost].[/]       : Initializing Spring DispatcherServlet 'dispatcherServlet'
2026-08-03T22:26:16.988-06:00  INFO 3056 --- [discovery-service] [nio-8761-exec-1] o.s.web.servlet.DispatcherServlet        : Initializing Servlet 'dispatcherServlet'
2026-08-03T22:26:16.990-06:00  INFO 3056 --- [discovery-service] [nio-8761-exec-1] o.s.web.servlet.DispatcherServlet        : Completed initialization in 1 ms
2026-08-03T22:26:17.597-06:00  INFO 3056 --- [discovery-service] [nio-8761-exec-2] c.n.e.registry.AbstractInstanceRegistry  : Registered instance API-GATEWAY/PC-Sergio.mshome.net:api-gateway:8080 with status UP (replication=false)
2026-08-03T22:26:19.772-06:00  INFO 3056 --- [discovery-service] [a-EvictionTimer] c.n.e.registry.AbstractInstanceRegistry  : Running the evict task with compensationTime 0ms
2026-08-03T22:26:24.009-06:00  INFO 3056 --- [discovery-service] [nio-8761-exec-5] c.n.e.registry.AbstractInstanceRegistry  : Registered instance CURSOS-SERVICE/PC-Sergio.mshome.net:cursos-service:8082 with status UP (replication=false)
2026-08-03T22:26:24.772-06:00  INFO 3056 --- [discovery-service] [a-EvictionTimer] c.n.e.registry.AbstractInstanceRegistry  : Running the evict task with compensationTime 0ms
2026-08-03T22:26:29.773-06:00  INFO 3056 --- [discovery-service] [a-EvictionTimer] c.n.e.registry.AbstractInstanceRegistry  : Running the evict task with compensationTime 1ms
2026-08-03T22:26:34.774-06:00  INFO 3056 --- [discovery-service] [a-EvictionTimer] c.n.e.registry.AbstractInstanceRegistry  : Running the evict task with compensationTime 0ms
2026-08-03T22:26:39.774-06:00  INFO 3056 --- [discovery-service] [a-EvictionTimer] c.n.e.registry.AbstractInstanceRegistry  : Running the evict task with compensationTime 0ms
2026-08-03T22:26:44.774-06:00  INFO 3056 --- [discovery-service] [a-EvictionTimer] c.n.e.registry.AbstractInstanceRegistry  : Running the evict task with compensationTime 0ms
2026-08-03T22:26:49.774-06:00  INFO 3056 --- [discovery-service] [a-EvictionTimer] c.n.e.registry.AbstractInstanceRegistry  : Running the evict task with compensationTime 0ms
2026-08-03T22:26:54.774-06:00  INFO 3056 --- [discovery-service] [a-EvictionTimer] c.n.e.registry.AbstractInstanceRegistry  : Running the evict task with compensationTime 0ms
2026-08-03T22:26:59.775-06:00  INFO 3056 --- [discovery-service] [a-EvictionTimer] c.n.e.registry.AbstractInstanceRegistry  : Running the evict task with compensationTime 0ms
2026-08-03T22:27:04.775-06:00  INFO 3056 --- [discovery-service] [a-EvictionTimer] c.n.e.registry.AbstractInstanceRegistry  : Running the evict task with compensationTime 0ms
2026-08-03T22:27:09.776-06:00  INFO 3056 --- [discovery-service] [a-EvictionTimer] c.n.e.registry.AbstractInstanceRegistry  : Running the evict task with compensationTime 0ms
2026-08-03T22:27:14.776-06:00  INFO 3056 --- [discovery-service] [a-EvictionTimer] c.n.e.registry.AbstractInstanceRegistry  : Running the evict task with compensationTime 0ms
2026-08-03T22:27:19.776-06:00  INFO 3056 --- [discovery-service] [a-EvictionTimer] c.n.e.registry.AbstractInstanceRegistry  : Running the evict task with compensationTime 0ms
2026-08-03T22:27:24.777-06:00  INFO 3056 --- [discovery-service] [a-EvictionTimer] c.n.e.registry.AbstractInstanceRegistry  : Running the evict task with compensationTime 0ms
2026-08-03T22:27:29.778-06:00  INFO 3056 --- [discovery-service] [a-EvictionTimer] c.n.e.registry.AbstractInstanceRegistry  : Running the evict task with compensationTime 1ms
2026-08-03T22:27:34.778-06:00  INFO 3056 --- [discovery-service] [a-EvictionTimer] c.n.e.registry.AbstractInstanceRegistry  : Running the evict task with compensationTime 0ms
2026-08-03T22:27:39.779-06:00  INFO 3056 --- [discovery-service] [a-EvictionTimer] c.n.e.registry.AbstractInstanceRegistry  : Running the evict task with compensationTime 0ms
2026-08-03T22:27:44.779-06:00  INFO 3056 --- [discovery-service] [a-EvictionTimer] c.n.e.registry.AbstractInstanceRegistry  : Running the evict task with compensationTime 0ms
2026-08-03T22:27:49.779-06:00  INFO 3056 --- [discovery-service] [a-EvictionTimer] c.n.e.registry.AbstractInstanceRegistry  : Running the evict task with compensationTime 0ms
2026-08-03T22:27:54.780-06:00  INFO 3056 --- [discovery-service] [a-EvictionTimer] c.n.e.registry.AbstractInstanceRegistry  : Running the evict task with compensationTime 0ms
2026-08-03T22:27:59.781-06:00  INFO 3056 --- [discovery-service] [a-EvictionTimer] c.n.e.registry.AbstractInstanceRegistry  : Running the evict task with compensationTime 0ms
2026-08-03T22:28:04.781-06:00  INFO 3056 --- [discovery-service] [a-EvictionTimer] c.n.e.registry.AbstractInstanceRegistry  : Running the evict task with compensationTime 0ms
2026-08-03T22:28:09.781-06:00  INFO 3056 --- [discovery-service] [a-EvictionTimer] c.n.e.registry.AbstractInstanceRegistry  : Running the evict task with compensationTime 0ms
2026-08-03T22:28:14.781-06:00  INFO 3056 --- [discovery-service] [a-EvictionTimer] c.n.e.registry.AbstractInstanceRegistry  : Running the evict task with compensationTime 0ms
2026-08-03T22:28:19.782-06:00  INFO 3056 --- [discovery-service] [a-EvictionTimer] c.n.e.registry.AbstractInstanceRegistry  : Running the evict task with compensationTime 1ms
2026-08-03T22:28:24.783-06:00  INFO 3056 --- [discovery-service] [a-EvictionTimer] c.n.e.registry.AbstractInstanceRegistry  : Running the evict task with compensationTime 0ms
2026-08-03T22:28:29.783-06:00  INFO 3056 --- [discovery-service] [a-EvictionTimer] c.n.e.registry.AbstractInstanceRegistry  : Running the evict task with compensationTime 0ms
2026-08-03T22:28:34.783-06:00  INFO 3056 --- [discovery-service] [a-EvictionTimer] c.n.e.registry.AbstractInstanceRegistry  : Running the evict task with compensationTime 0ms
2026-08-03T22:28:39.784-06:00  INFO 3056 --- [discovery-service] [a-EvictionTimer] c.n.e.registry.AbstractInstanceRegistry  : Running the evict task with compensationTime 0ms
2026-08-03T22:28:44.784-06:00  INFO 3056 --- [discovery-service] [a-EvictionTimer] c.n.e.registry.AbstractInstanceRegistry  : Running the evict task with compensationTime 0ms
2026-08-03T22:28:49.784-06:00  INFO 3056 --- [discovery-service] [a-EvictionTimer] c.n.e.registry.AbstractInstanceRegistry  : Running the evict task with compensationTime 0ms
2026-08-03T22:28:54.784-06:00  INFO 3056 --- [discovery-service] [a-EvictionTimer] c.n.e.registry.AbstractInstanceRegistry  : Running the evict task with compensationTime 0ms
2026-08-03T22:28:59.784-06:00  INFO 3056 --- [discovery-service] [a-EvictionTimer] c.n.e.registry.AbstractInstanceRegistry  : Running the evict task with compensationTime 0ms
2026-08-03T22:29:04.785-06:00  INFO 3056 --- [discovery-service] [a-EvictionTimer] c.n.e.registry.AbstractInstanceRegistry  : Running the evict task with compensationTime 0ms
2026-08-03T22:29:09.785-06:00  INFO 3056 --- [discovery-service] [a-EvictionTimer] c.n.e.registry.AbstractInstanceRegistry  : Running the evict task with compensationTime 0ms
2026-08-03T22:29:14.798-06:00  INFO 3056 --- [discovery-service] [a-EvictionTimer] c.n.e.registry.AbstractInstanceRegistry  : Running the evict task with compensationTime 13ms
2026-08-03T22:29:19.798-06:00  INFO 3056 --- [discovery-service] [a-EvictionTimer] c.n.e.registry.AbstractInstanceRegistry  : Running the evict task with compensationTime 0ms
2026-08-03T22:29:24.799-06:00  INFO 3056 --- [discovery-service] [a-EvictionTimer] c.n.e.registry.AbstractInstanceRegistry  : Running the evict task with compensationTime 0ms
2026-08-03T22:29:29.800-06:00  INFO 3056 --- [discovery-service] [a-EvictionTimer] c.n.e.registry.AbstractInstanceRegistry  : Running the evict task with compensationTime 1ms
2026-08-03T22:29:34.801-06:00  INFO 3056 --- [discovery-service] [a-EvictionTimer] c.n.e.registry.AbstractInstanceRegistry  : Running the evict task with compensationTime 0ms
2026-08-03T22:29:39.801-06:00  INFO 3056 --- [discovery-service] [a-EvictionTimer] c.n.e.registry.AbstractInstanceRegistry  : Running the evict task with compensationTime 0ms
2026-08-03T22:29:44.801-06:00  INFO 3056 --- [discovery-service] [a-EvictionTimer] c.n.e.registry.AbstractInstanceRegistry  : Running the evict task with compensationTime 0ms
2026-08-03T22:29:49.802-06:00  INFO 3056 --- [discovery-service] [a-EvictionTimer] c.n.e.registry.AbstractInstanceRegistry  : Running the evict task with compensationTime 0ms
2026-08-03T22:29:54.803-06:00  INFO 3056 --- [discovery-service] [a-EvictionTimer] c.n.e.registry.AbstractInstanceRegistry  : Running the evict task with compensationTime 1ms
2026-08-03T22:29:59.804-06:00  INFO 3056 --- [discovery-service] [a-EvictionTimer] c.n.e.registry.AbstractInstanceRegistry  : Running the evict task with compensationTime 1ms
2026-08-03T22:30:04.804-06:00  INFO 3056 --- [discovery-service] [a-EvictionTimer] c.n.e.registry.AbstractInstanceRegistry  : Running the evict task with compensationTime 0ms
2026-08-03T22:30:09.804-06:00  INFO 3056 --- [discovery-service] [a-EvictionTimer] c.n.e.registry.AbstractInstanceRegistry  : Running the evict task with compensationTime 0ms
2026-08-03T22:30:14.804-06:00  INFO 3056 --- [discovery-service] [a-EvictionTimer] c.n.e.registry.AbstractInstanceRegistry  : Running the evict task with compensationTime 0ms
2026-08-03T22:30:19.805-06:00  INFO 3056 --- [discovery-service] [a-EvictionTimer] c.n.e.registry.AbstractInstanceRegistry  : Running the evict task with compensationTime 0ms
2026-08-03T22:30:24.805-06:00  INFO 3056 --- [discovery-service] [a-EvictionTimer] c.n.e.registry.AbstractInstanceRegistry  : Running the evict task with compensationTime 0ms
2026-08-03T22:30:29.806-06:00  INFO 3056 --- [discovery-service] [a-EvictionTimer] c.n.e.registry.AbstractInstanceRegistry  : Running the evict task with compensationTime 0ms
2026-08-03T22:30:34.807-06:00  INFO 3056 --- [discovery-service] [a-EvictionTimer] c.n.e.registry.AbstractInstanceRegistry  : Running the evict task with compensationTime 0ms
2026-08-03T22:30:39.808-06:00  INFO 3056 --- [discovery-service] [a-EvictionTimer] c.n.e.registry.AbstractInstanceRegistry  : Running the evict task with compensationTime 0ms
2026-08-03T22:30:44.808-06:00  INFO 3056 --- [discovery-service] [a-EvictionTimer] c.n.e.registry.AbstractInstanceRegistry  : Running the evict task with compensationTime 0ms
2026-08-03T22:30:49.809-06:00  INFO 3056 --- [discovery-service] [a-EvictionTimer] c.n.e.registry.AbstractInstanceRegistry  : Running the evict task with compensationTime 0ms
2026-08-03T22:30:54.811-06:00  INFO 3056 --- [discovery-service] [a-EvictionTimer] c.n.e.registry.AbstractInstanceRegistry  : Running the evict task with compensationTime 1ms
2026-08-03T22:30:59.812-06:00  INFO 3056 --- [discovery-service] [a-EvictionTimer] c.n.e.registry.AbstractInstanceRegistry  : Running the evict task with compensationTime 0ms
2026-08-03T22:31:04.813-06:00  INFO 3056 --- [discovery-service] [a-EvictionTimer] c.n.e.registry.AbstractInstanceRegistry  : Running the evict task with compensationTime 1ms
2026-08-03T22:31:09.813-06:00  INFO 3056 --- [discovery-service] [a-EvictionTimer] c.n.e.registry.AbstractInstanceRegistry  : Running the evict task with compensationTime 0ms
2026-08-03T22:31:14.814-06:00  INFO 3056 --- [discovery-service] [a-EvictionTimer] c.n.e.registry.AbstractInstanceRegistry  : Running the evict task with compensationTime 0ms
2026-08-03T22:31:19.814-06:00  INFO 3056 --- [discovery-service] [a-EvictionTimer] c.n.e.registry.AbstractInstanceRegistry  : Running the evict task with compensationTime 0ms
2026-08-03T22:31:24.814-06:00  INFO 3056 --- [discovery-service] [a-EvictionTimer] c.n.e.registry.AbstractInstanceRegistry  : Running the evict task with compensationTime 0ms
2026-08-03T22:31:29.814-06:00  INFO 3056 --- [discovery-service] [a-EvictionTimer] c.n.e.registry.AbstractInstanceRegistry  : Running the evict task with compensationTime 0ms
2026-08-03T22:31:34.815-06:00  INFO 3056 --- [discovery-service] [a-EvictionTimer] c.n.e.registry.AbstractInstanceRegistry  : Running the evict task with compensationTime 1ms
2026-08-03T22:31:39.815-06:00  INFO 3056 --- [discovery-service] [a-EvictionTimer] c.n.e.registry.AbstractInstanceRegistry  : Running the evict task with compensationTime 0ms
2026-08-03T22:31:44.815-06:00  INFO 3056 --- [discovery-service] [a-EvictionTimer] c.n.e.registry.AbstractInstanceRegistry  : Running the evict task with compensationTime 0ms
2026-08-03T22:31:49.816-06:00  INFO 3056 --- [discovery-service] [a-EvictionTimer] c.n.e.registry.AbstractInstanceRegistry  : Running the evict task with compensationTime 0ms
2026-08-03T22:31:54.816-06:00  INFO 3056 --- [discovery-service] [a-EvictionTimer] c.n.e.registry.AbstractInstanceRegistry  : Running the evict task with compensationTime 0ms
2026-08-03T22:31:59.816-06:00  INFO 3056 --- [discovery-service] [a-EvictionTimer] c.n.e.registry.AbstractInstanceRegistry  : Running the evict task with compensationTime 0ms
2026-08-03T22:32:04.818-06:00  INFO 3056 --- [discovery-service] [a-EvictionTimer] c.n.e.registry.AbstractInstanceRegistry  : Running the evict task with compensationTime 1ms
2026-08-03T22:32:09.820-06:00  INFO 3056 --- [discovery-service] [a-EvictionTimer] c.n.e.registry.AbstractInstanceRegistry  : Running the evict task with compensationTime 2ms
2026-08-03T22:32:14.820-06:00  INFO 3056 --- [discovery-service] [a-EvictionTimer] c.n.e.registry.AbstractInstanceRegistry  : Running the evict task with compensationTime 1ms
2026-08-03T22:32:19.820-06:00  INFO 3056 --- [discovery-service] [a-EvictionTimer] c.n.e.registry.AbstractInstanceRegistry  : Running the evict task with compensationTime 0ms
2026-08-03T22:32:24.821-06:00  INFO 3056 --- [discovery-service] [a-EvictionTimer] c.n.e.registry.AbstractInstanceRegistry  : Running the evict task with compensationTime 0ms
2026-08-03T22:32:29.821-06:00  INFO 3056 --- [discovery-service] [a-EvictionTimer] c.n.e.registry.AbstractInstanceRegistry  : Running the evict task with compensationTime 0ms
2026-08-03T22:32:34.821-06:00  INFO 3056 --- [discovery-service] [a-EvictionTimer] c.n.e.registry.AbstractInstanceRegistry  : Running the evict task with compensationTime 0ms
2026-08-03T22:32:39.822-06:00  INFO 3056 --- [discovery-service] [a-EvictionTimer] c.n.e.registry.AbstractInstanceRegistry  : Running the evict task with compensationTime 0ms
2026-08-03T22:32:44.822-06:00  INFO 3056 --- [discovery-service] [a-EvictionTimer] c.n.e.registry.AbstractInstanceRegistry  : Running the evict task with compensationTime 0ms
2026-08-03T22:32:49.822-06:00  INFO 3056 --- [discovery-service] [a-EvictionTimer] c.n.e.registry.AbstractInstanceRegistry  : Running the evict task with compensationTime 0ms
2026-08-03T22:32:54.823-06:00  INFO 3056 --- [discovery-service] [a-EvictionTimer] c.n.e.registry.AbstractInstanceRegistry  : Running the evict task with compensationTime 1ms
2026-08-03T22:32:59.824-06:00  INFO 3056 --- [discovery-service] [a-EvictionTimer] c.n.e.registry.AbstractInstanceRegistry  : Running the evict task with compensationTime 0ms
2026-08-03T22:33:04.824-06:00  INFO 3056 --- [discovery-service] [a-EvictionTimer] c.n.e.registry.AbstractInstanceRegistry  : Running the evict task with compensationTime 0ms
2026-08-03T22:33:09.824-06:00  INFO 3056 --- [discovery-service] [a-EvictionTimer] c.n.e.registry.AbstractInstanceRegistry  : Running the evict task with compensationTime 0ms
2026-08-03T22:33:14.824-06:00  INFO 3056 --- [discovery-service] [a-EvictionTimer] c.n.e.registry.AbstractInstanceRegistry  : Running the evict task with compensationTime 0ms
2026-08-03T22:33:19.825-06:00  INFO 3056 --- [discovery-service] [a-EvictionTimer] c.n.e.registry.AbstractInstanceRegistry  : Running the evict task with compensationTime 0ms
2026-08-03T22:33:24.825-06:00  INFO 3056 --- [discovery-service] [a-EvictionTimer] c.n.e.registry.AbstractInstanceRegistry  : Running the evict task with compensationTime 0ms
2026-08-03T22:33:29.825-06:00  INFO 3056 --- [discovery-service] [a-EvictionTimer] c.n.e.registry.AbstractInstanceRegistry  : Running the evict task with compensationTime 0ms
2026-08-03T22:33:34.825-06:00  INFO 3056 --- [discovery-service] [a-EvictionTimer] c.n.e.registry.AbstractInstanceRegistry  : Running the evict task with compensationTime 0ms
2026-08-03T22:33:39.825-06:00  INFO 3056 --- [discovery-service] [a-EvictionTimer] c.n.e.registry.AbstractInstanceRegistry  : Running the evict task with compensationTime 0ms
2026-08-03T22:33:44.825-06:00  INFO 3056 --- [discovery-service] [a-EvictionTimer] c.n.e.registry.AbstractInstanceRegistry  : Running the evict task with compensationTime 0ms
2026-08-03T22:33:49.826-06:00  INFO 3056 --- [discovery-service] [a-EvictionTimer] c.n.e.registry.AbstractInstanceRegistry  : Running the evict task with compensationTime 0ms
2026-08-03T22:33:54.827-06:00  INFO 3056 --- [discovery-service] [a-EvictionTimer] c.n.e.registry.AbstractInstanceRegistry  : Running the evict task with compensationTime 1ms
2026-08-03T22:33:59.828-06:00  INFO 3056 --- [discovery-service] [a-EvictionTimer] c.n.e.registry.AbstractInstanceRegistry  : Running the evict task with compensationTime 1ms
2026-08-03T22:34:04.829-06:00  INFO 3056 --- [discovery-service] [a-EvictionTimer] c.n.e.registry.AbstractInstanceRegistry  : Running the evict task with compensationTime 0ms
2026-08-03T22:34:09.830-06:00  INFO 3056 --- [discovery-service] [a-EvictionTimer] c.n.e.registry.AbstractInstanceRegistry  : Running the evict task with compensationTime 0ms
2026-08-03T22:34:14.830-06:00  INFO 3056 --- [discovery-service] [a-EvictionTimer] c.n.e.registry.AbstractInstanceRegistry  : Running the evict task with compensationTime 0ms
2026-08-03T22:34:19.830-06:00  INFO 3056 --- [discovery-service] [a-EvictionTimer] c.n.e.registry.AbstractInstanceRegistry  : Running the evict task with compensationTime 0ms
2026-08-03T22:34:24.831-06:00  INFO 3056 --- [discovery-service] [a-EvictionTimer] c.n.e.registry.AbstractInstanceRegistry  : Running the evict task with compensationTime 0ms
2026-08-03T22:34:29.832-06:00  INFO 3056 --- [discovery-service] [a-EvictionTimer] c.n.e.registry.AbstractInstanceRegistry  : Running the evict task with compensationTime 1ms
2026-08-03T22:34:34.832-06:00  INFO 3056 --- [discovery-service] [a-EvictionTimer] c.n.e.registry.AbstractInstanceRegistry  : Running the evict task with compensationTime 0ms
2026-08-03T22:34:39.832-06:00  INFO 3056 --- [discovery-service] [a-EvictionTimer] c.n.e.registry.AbstractInstanceRegistry  : Running the evict task with compensationTime 0ms
2026-08-03T22:34:44.832-06:00  INFO 3056 --- [discovery-service] [a-EvictionTimer] c.n.e.registry.AbstractInstanceRegistry  : Running the evict task with compensationTime 0ms
2026-08-03T22:34:49.833-06:00  INFO 3056 --- [discovery-service] [a-EvictionTimer] c.n.e.registry.AbstractInstanceRegistry  : Running the evict task with compensationTime 0ms
2026-08-03T22:34:54.833-06:00  INFO 3056 --- [discovery-service] [a-EvictionTimer] c.n.e.registry.AbstractInstanceRegistry  : Running the evict task with compensationTime 0ms
2026-08-03T22:34:59.834-06:00  INFO 3056 --- [discovery-service] [a-EvictionTimer] c.n.e.registry.AbstractInstanceRegistry  : Running the evict task with compensationTime 0ms
2026-08-03T22:35:04.834-06:00  INFO 3056 --- [discovery-service] [a-EvictionTimer] c.n.e.registry.AbstractInstanceRegistry  : Running the evict task with compensationTime 0ms
2026-08-03T22:35:09.835-06:00  INFO 3056 --- [discovery-service] [a-EvictionTimer] c.n.e.registry.AbstractInstanceRegistry  : Running the evict task with compensationTime 0ms
2026-08-03T22:35:14.836-06:00  INFO 3056 --- [discovery-service] [a-EvictionTimer] c.n.e.registry.AbstractInstanceRegistry  : Running the evict task with compensationTime 1ms
2026-08-03T22:35:19.837-06:00  INFO 3056 --- [discovery-service] [a-EvictionTimer] c.n.e.registry.AbstractInstanceRegistry  : Running the evict task with compensationTime 0ms
2026-08-03T22:35:24.837-06:00  INFO 3056 --- [discovery-service] [a-EvictionTimer] c.n.e.registry.AbstractInstanceRegistry  : Running the evict task with compensationTime 0ms
2026-08-03T22:35:29.838-06:00  INFO 3056 --- [discovery-service] [a-EvictionTimer] c.n.e.registry.AbstractInstanceRegistry  : Running the evict task with compensationTime 0ms
2026-08-03T22:35:34.839-06:00  INFO 3056 --- [discovery-service] [a-EvictionTimer] c.n.e.registry.AbstractInstanceRegistry  : Running the evict task with compensationTime 0ms
2026-08-03T22:35:39.839-06:00  INFO 3056 --- [discovery-service] [a-EvictionTimer] c.n.e.registry.AbstractInstanceRegistry  : Running the evict task with compensationTime 0ms
2026-08-03T22:35:44.839-06:00  INFO 3056 --- [discovery-service] [a-EvictionTimer] c.n.e.registry.AbstractInstanceRegistry  : Running the evict task with compensationTime 0ms
2026-08-03T22:35:49.839-06:00  INFO 3056 --- [discovery-service] [a-EvictionTimer] c.n.e.registry.AbstractInstanceRegistry  : Running the evict task with compensationTime 0ms
2026-08-03T22:35:54.840-06:00  INFO 3056 --- [discovery-service] [a-EvictionTimer] c.n.e.registry.AbstractInstanceRegistry  : Running the evict task with compensationTime 0ms
2026-08-03T22:35:59.840-06:00  INFO 3056 --- [discovery-service] [a-EvictionTimer] c.n.e.registry.AbstractInstanceRegistry  : Running the evict task with compensationTime 0ms
2026-08-03T22:36:04.840-06:00  INFO 3056 --- [discovery-service] [a-EvictionTimer] c.n.e.registry.AbstractInstanceRegistry  : Running the evict task with compensationTime 0ms
2026-08-03T22:36:09.841-06:00  INFO 3056 --- [discovery-service] [a-EvictionTimer] c.n.e.registry.AbstractInstanceRegistry  : Running the evict task with compensationTime 0ms
2026-08-03T22:36:14.407-06:00  WARN 3056 --- [discovery-service] [eerNodesUpdater] c.n.eureka.cluster.PeerEurekaNodes       : The replica size seems to be empty. Check the route 53 DNS Registry
2026-08-03T22:36:14.842-06:00  INFO 3056 --- [discovery-service] [a-EvictionTimer] c.n.e.registry.AbstractInstanceRegistry  : Running the evict task with compensationTime 1ms
2026-08-03T22:36:19.843-06:00  INFO 3056 --- [discovery-service] [a-EvictionTimer] c.n.e.registry.AbstractInstanceRegistry  : Running the evict task with compensationTime 0ms
2026-08-03T22:36:24.843-06:00  INFO 3056 --- [discovery-service] [a-EvictionTimer] c.n.e.registry.AbstractInstanceRegistry  : Running the evict task with compensationTime 0ms
2026-08-03T22:36:29.843-06:00  INFO 3056 --- [discovery-service] [a-EvictionTimer] c.n.e.registry.AbstractInstanceRegistry  : Running the evict task with compensationTime 0ms
2026-08-03T22:36:34.844-06:00  INFO 3056 --- [discovery-service] [a-EvictionTimer] c.n.e.registry.AbstractInstanceRegistry  : Running the evict task with compensationTime 0ms
2026-08-03T22:36:39.844-06:00  INFO 3056 --- [discovery-service] [a-EvictionTimer] c.n.e.registry.AbstractInstanceRegistry  : Running the evict task with compensationTime 0ms
2026-08-03T22:36:44.844-06:00  INFO 3056 --- [discovery-service] [a-EvictionTimer] c.n.e.registry.AbstractInstanceRegistry  : Running the evict task with compensationTime 0ms
2026-08-03T22:36:49.844-06:00  INFO 3056 --- [discovery-service] [a-EvictionTimer] c.n.e.registry.AbstractInstanceRegistry  : Running the evict task with compensationTime 0ms
2026-08-03T22:36:54.845-06:00  INFO 3056 --- [discovery-service] [a-EvictionTimer] c.n.e.registry.AbstractInstanceRegistry  : Running the evict task with compensationTime 0ms
2026-08-03T22:36:59.845-06:00  INFO 3056 --- [discovery-service] [a-EvictionTimer] c.n.e.registry.AbstractInstanceRegistry  : Running the evict task with compensationTime 0ms
2026-08-03T22:37:04.847-06:00  INFO 3056 --- [discovery-service] [a-EvictionTimer] c.n.e.registry.AbstractInstanceRegistry  : Running the evict task with compensationTime 1ms
2026-08-03T22:37:09.847-06:00  INFO 3056 --- [discovery-service] [a-EvictionTimer] c.n.e.registry.AbstractInstanceRegistry  : Running the evict task with compensationTime 0ms
2026-08-03T22:37:14.855-06:00  INFO 3056 --- [discovery-service] [a-EvictionTimer] c.n.e.registry.AbstractInstanceRegistry  : Running the evict task with compensationTime 8ms
2026-08-03T22:37:19.856-06:00  INFO 3056 --- [discovery-service] [a-EvictionTimer] c.n.e.registry.AbstractInstanceRegistry  : Running the evict task with compensationTime 1ms
2026-08-03T22:37:24.856-06:00  INFO 3056 --- [discovery-service] [a-EvictionTimer] c.n.e.registry.AbstractInstanceRegistry  : Running the evict task with compensationTime 0ms
2026-08-03T22:37:29.856-06:00  INFO 3056 --- [discovery-service] [a-EvictionTimer] c.n.e.registry.AbstractInstanceRegistry  : Running the evict task with compensationTime 0ms
2026-08-03T22:37:34.857-06:00  INFO 3056 --- [discovery-service] [a-EvictionTimer] c.n.e.registry.AbstractInstanceRegistry  : Running the evict task with compensationTime 1ms
2026-08-03T22:37:39.857-06:00  INFO 3056 --- [discovery-service] [a-EvictionTimer] c.n.e.registry.AbstractInstanceRegistry  : Running the evict task with compensationTime 0ms
2026-08-03T22:37:44.857-06:00  INFO 3056 --- [discovery-service] [a-EvictionTimer] c.n.e.registry.AbstractInstanceRegistry  : Running the evict task with compensationTime 0ms
2026-08-03T22:37:49.857-06:00  INFO 3056 --- [discovery-service] [a-EvictionTimer] c.n.e.registry.AbstractInstanceRegistry  : Running the evict task with compensationTime 0ms
2026-08-03T22:37:54.857-06:00  INFO 3056 --- [discovery-service] [a-EvictionTimer] c.n.e.registry.AbstractInstanceRegistry  : Running the evict task with compensationTime 0ms
2026-08-03T22:37:59.858-06:00  INFO 3056 --- [discovery-service] [a-EvictionTimer] c.n.e.registry.AbstractInstanceRegistry  : Running the evict task with compensationTime 1ms
2026-08-03T22:38:04.858-06:00  INFO 3056 --- [discovery-service] [a-EvictionTimer] c.n.e.registry.AbstractInstanceRegistry  : Running the evict task with compensationTime 0ms
2026-08-03T22:38:09.858-06:00  INFO 3056 --- [discovery-service] [a-EvictionTimer] c.n.e.registry.AbstractInstanceRegistry  : Running the evict task with compensationTime 0ms
2026-08-03T22:38:14.859-06:00  INFO 3056 --- [discovery-service] [a-EvictionTimer] c.n.e.registry.AbstractInstanceRegistry  : Running the evict task with compensationTime 0ms
2026-08-03T22:38:19.859-06:00  INFO 3056 --- [discovery-service] [a-EvictionTimer] c.n.e.registry.AbstractInstanceRegistry  : Running the evict task with compensationTime 0ms
2026-08-03T22:38:24.860-06:00  INFO 3056 --- [discovery-service] [a-EvictionTimer] c.n.e.registry.AbstractInstanceRegistry  : Running the evict task with compensationTime 0ms
2026-08-03T22:38:29.860-06:00  INFO 3056 --- [discovery-service] [a-EvictionTimer] c.n.e.registry.AbstractInstanceRegistry  : Running the evict task with compensationTime 0ms
2026-08-03T22:38:34.861-06:00  INFO 3056 --- [discovery-service] [a-EvictionTimer] c.n.e.registry.AbstractInstanceRegistry  : Running the evict task with compensationTime 0ms
2026-08-03T22:38:39.861-06:00  INFO 3056 --- [discovery-service] [a-EvictionTimer] c.n.e.registry.AbstractInstanceRegistry  : Running the evict task with compensationTime 0ms
2026-08-03T22:38:44.861-06:00  INFO 3056 --- [discovery-service] [a-EvictionTimer] c.n.e.registry.AbstractInstanceRegistry  : Running the evict task with compensationTime 0ms
2026-08-03T22:38:49.861-06:00  INFO 3056 --- [discovery-service] [a-EvictionTimer] c.n.e.registry.AbstractInstanceRegistry  : Running the evict task with compensationTime 0ms
2026-08-03T22:38:54.862-06:00  INFO 3056 --- [discovery-service] [a-EvictionTimer] c.n.e.registry.AbstractInstanceRegistry  : Running the evict task with compensationTime 0ms
2026-08-03T22:38:59.863-06:00  INFO 3056 --- [discovery-service] [a-EvictionTimer] c.n.e.registry.AbstractInstanceRegistry  : Running the evict task with compensationTime 1ms
2026-08-03T22:39:04.864-06:00  INFO 3056 --- [discovery-service] [a-EvictionTimer] c.n.e.registry.AbstractInstanceRegistry  : Running the evict task with compensationTime 0ms
2026-08-03T22:39:09.864-06:00  INFO 3056 --- [discovery-service] [a-EvictionTimer] c.n.e.registry.AbstractInstanceRegistry  : Running the evict task with compensationTime 0ms
2026-08-03T22:39:14.864-06:00  INFO 3056 --- [discovery-service] [a-EvictionTimer] c.n.e.registry.AbstractInstanceRegistry  : Running the evict task with compensationTime 0ms
2026-08-03T22:39:19.865-06:00  INFO 3056 --- [discovery-service] [a-EvictionTimer] c.n.e.registry.AbstractInstanceRegistry  : Running the evict task with compensationTime 0ms
2026-08-03T22:39:24.866-06:00  INFO 3056 --- [discovery-service] [a-EvictionTimer] c.n.e.registry.AbstractInstanceRegistry  : Running the evict task with compensationTime 1ms
2026-08-03T22:39:29.867-06:00  INFO 3056 --- [discovery-service] [a-EvictionTimer] c.n.e.registry.AbstractInstanceRegistry  : Running the evict task with compensationTime 0ms
2026-08-03T22:39:34.867-06:00  INFO 3056 --- [discovery-service] [a-EvictionTimer] c.n.e.registry.AbstractInstanceRegistry  : Running the evict task with compensationTime 0ms
2026-08-03T22:39:39.867-06:00  INFO 3056 --- [discovery-service] [a-EvictionTimer] c.n.e.registry.AbstractInstanceRegistry  : Running the evict task with compensationTime 0ms
2026-08-03T22:39:44.868-06:00  INFO 3056 --- [discovery-service] [a-EvictionTimer] c.n.e.registry.AbstractInstanceRegistry  : Running the evict task with compensationTime 0ms
2026-08-03T22:39:49.869-06:00  INFO 3056 --- [discovery-service] [a-EvictionTimer] c.n.e.registry.AbstractInstanceRegistry  : Running the evict task with compensationTime 1ms
2026-08-03T22:39:54.870-06:00  INFO 3056 --- [discovery-service] [a-EvictionTimer] c.n.e.registry.AbstractInstanceRegistry  : Running the evict task with compensationTime 0ms
2026-08-03T22:39:59.870-06:00  INFO 3056 --- [discovery-service] [a-EvictionTimer] c.n.e.registry.AbstractInstanceRegistry  : Running the evict task with compensationTime 0ms
2026-08-03T22:40:04.870-06:00  INFO 3056 --- [discovery-service] [a-EvictionTimer] c.n.e.registry.AbstractInstanceRegistry  : Running the evict task with compensationTime 0ms
2026-08-03T22:40:09.871-06:00  INFO 3056 --- [discovery-service] [a-EvictionTimer] c.n.e.registry.AbstractInstanceRegistry  : Running the evict task with compensationTime 0ms
2026-08-03T22:40:14.873-06:00  INFO 3056 --- [discovery-service] [a-EvictionTimer] c.n.e.registry.AbstractInstanceRegistry  : Running the evict task with compensationTime 1ms
2026-08-03T22:40:19.874-06:00  INFO 3056 --- [discovery-service] [a-EvictionTimer] c.n.e.registry.AbstractInstanceRegistry  : Running the evict task with compensationTime 1ms
2026-08-03T22:40:24.874-06:00  INFO 3056 --- [discovery-service] [a-EvictionTimer] c.n.e.registry.AbstractInstanceRegistry  : Running the evict task with compensationTime 0ms
2026-08-03T22:40:29.874-06:00  INFO 3056 --- [discovery-service] [a-EvictionTimer] c.n.e.registry.AbstractInstanceRegistry  : Running the evict task with compensationTime 0ms
2026-08-03T22:40:34.875-06:00  INFO 3056 --- [discovery-service] [a-EvictionTimer] c.n.e.registry.AbstractInstanceRegistry  : Running the evict task with compensationTime 1ms
2026-08-03T22:40:39.875-06:00  INFO 3056 --- [discovery-service] [a-EvictionTimer] c.n.e.registry.AbstractInstanceRegistry  : Running the evict task with compensationTime 0ms
2026-08-03T22:40:44.875-06:00  INFO 3056 --- [discovery-service] [a-EvictionTimer] c.n.e.registry.AbstractInstanceRegistry  : Running the evict task with compensationTime 0ms
2026-08-03T22:40:49.876-06:00  INFO 3056 --- [discovery-service] [a-EvictionTimer] c.n.e.registry.AbstractInstanceRegistry  : Running the evict task with compensationTime 0ms
2026-08-03T22:40:54.877-06:00  INFO 3056 --- [discovery-service] [a-EvictionTimer] c.n.e.registry.AbstractInstanceRegistry  : Running the evict task with compensationTime 0ms
2026-08-03T22:40:59.878-06:00  INFO 3056 --- [discovery-service] [a-EvictionTimer] c.n.e.registry.AbstractInstanceRegistry  : Running the evict task with compensationTime 0ms
2026-08-03T22:41:04.878-06:00  INFO 3056 --- [discovery-service] [a-EvictionTimer] c.n.e.registry.AbstractInstanceRegistry  : Running the evict task with compensationTime 0ms
2026-08-03T22:41:09.879-06:00  INFO 3056 --- [discovery-service] [a-EvictionTimer] c.n.e.registry.AbstractInstanceRegistry  : Running the evict task with compensationTime 1ms
2026-08-03T22:41:14.442-06:00  INFO 3056 --- [discovery-service] [hresholdUpdater] c.n.e.r.PeerAwareInstanceRegistryImpl    : Current renewal threshold is : 5
2026-08-03T22:41:14.880-06:00  INFO 3056 --- [discovery-service] [a-EvictionTimer] c.n.e.registry.AbstractInstanceRegistry  : Running the evict task with compensationTime 0ms
2026-08-03T22:41:19.881-06:00  INFO 3056 --- [discovery-service] [a-EvictionTimer] c.n.e.registry.AbstractInstanceRegistry  : Running the evict task with compensationTime 1ms
2026-08-03T22:41:24.881-06:00  INFO 3056 --- [discovery-service] [a-EvictionTimer] c.n.e.registry.AbstractInstanceRegistry  : Running the evict task with compensationTime 0ms
2026-08-03T22:41:29.882-06:00  INFO 3056 --- [discovery-service] [a-EvictionTimer] c.n.e.registry.AbstractInstanceRegistry  : Running the evict task with compensationTime 0ms
2026-08-03T22:41:34.882-06:00  INFO 3056 --- [discovery-service] [a-EvictionTimer] c.n.e.registry.AbstractInstanceRegistry  : Running the evict task with compensationTime 0ms
2026-08-03T22:41:39.883-06:00  INFO 3056 --- [discovery-service] [a-EvictionTimer] c.n.e.registry.AbstractInstanceRegistry  : Running the evict task with compensationTime 1ms
2026-08-03T22:41:44.884-06:00  INFO 3056 --- [discovery-service] [a-EvictionTimer] c.n.e.registry.AbstractInstanceRegistry  : Running the evict task with compensationTime 0ms
2026-08-03T22:41:49.884-06:00  INFO 3056 --- [discovery-service] [a-EvictionTimer] c.n.e.registry.AbstractInstanceRegistry  : Running the evict task with compensationTime 0ms
2026-08-03T22:41:54.884-06:00  INFO 3056 --- [discovery-service] [a-EvictionTimer] c.n.e.registry.AbstractInstanceRegistry  : Running the evict task with compensationTime 1ms
2026-08-03T22:41:59.885-06:00  INFO 3056 --- [discovery-service] [a-EvictionTimer] c.n.e.registry.AbstractInstanceRegistry  : Running the evict task with compensationTime 0ms
2026-08-03T22:42:04.885-06:00  INFO 3056 --- [discovery-service] [a-EvictionTimer] c.n.e.registry.AbstractInstanceRegistry  : Running the evict task with compensationTime 0ms
2026-08-03T22:42:09.886-06:00  INFO 3056 --- [discovery-service] [a-EvictionTimer] c.n.e.registry.AbstractInstanceRegistry  : Running the evict task with compensationTime 0ms
2026-08-03T22:42:14.886-06:00  INFO 3056 --- [discovery-service] [a-EvictionTimer] c.n.e.registry.AbstractInstanceRegistry  : Running the evict task with compensationTime 0ms
2026-08-03T22:42:19.887-06:00  INFO 3056 --- [discovery-service] [a-EvictionTimer] c.n.e.registry.AbstractInstanceRegistry  : Running the evict task with compensationTime 0ms
2026-08-03T22:42:24.887-06:00  INFO 3056 --- [discovery-service] [a-EvictionTimer] c.n.e.registry.AbstractInstanceRegistry  : Running the evict task with compensationTime 0ms
2026-08-03T22:42:29.887-06:00  INFO 3056 --- [discovery-service] [a-EvictionTimer] c.n.e.registry.AbstractInstanceRegistry  : Running the evict task with compensationTime 0ms
2026-08-03T22:42:34.888-06:00  INFO 3056 --- [discovery-service] [a-EvictionTimer] c.n.e.registry.AbstractInstanceRegistry  : Running the evict task with compensationTime 0ms
2026-08-03T22:42:39.889-06:00  INFO 3056 --- [discovery-service] [a-EvictionTimer] c.n.e.registry.AbstractInstanceRegistry  : Running the evict task with compensationTime 1ms
2026-08-03T22:42:44.889-06:00  INFO 3056 --- [discovery-service] [a-EvictionTimer] c.n.e.registry.AbstractInstanceRegistry  : Running the evict task with compensationTime 0ms
2026-08-03T22:42:49.890-06:00  INFO 3056 --- [discovery-service] [a-EvictionTimer] c.n.e.registry.AbstractInstanceRegistry  : Running the evict task with compensationTime 0ms
2026-08-03T22:42:54.890-06:00  INFO 3056 --- [discovery-service] [a-EvictionTimer] c.n.e.registry.AbstractInstanceRegistry  : Running the evict task with compensationTime 0ms
2026-08-03T22:42:59.890-06:00  INFO 3056 --- [discovery-service] [a-EvictionTimer] c.n.e.registry.AbstractInstanceRegistry  : Running the evict task with compensationTime 0ms
2026-08-03T22:43:04.890-06:00  INFO 3056 --- [discovery-service] [a-EvictionTimer] c.n.e.registry.AbstractInstanceRegistry  : Running the evict task with compensationTime 0ms
2026-08-03T22:43:09.890-06:00  INFO 3056 --- [discovery-service] [a-EvictionTimer] c.n.e.registry.AbstractInstanceRegistry  : Running the evict task with compensationTime 0ms
2026-08-03T22:43:14.891-06:00  INFO 3056 --- [discovery-service] [a-EvictionTimer] c.n.e.registry.AbstractInstanceRegistry  : Running the evict task with compensationTime 0ms
2026-08-03T22:43:19.891-06:00  INFO 3056 --- [discovery-service] [a-EvictionTimer] c.n.e.registry.AbstractInstanceRegistry  : Running the evict task with compensationTime 0ms
2026-08-03T22:43:24.891-06:00  INFO 3056 --- [discovery-service] [a-EvictionTimer] c.n.e.registry.AbstractInstanceRegistry  : Running the evict task with compensationTime 0ms
2026-08-03T22:43:29.906-06:00  INFO 3056 --- [discovery-service] [a-EvictionTimer] c.n.e.registry.AbstractInstanceRegistry  : Running the evict task with compensationTime 15ms
2026-08-03T22:43:34.907-06:00  INFO 3056 --- [discovery-service] [a-EvictionTimer] c.n.e.registry.AbstractInstanceRegistry  : Running the evict task with compensationTime 0ms
2026-08-03T22:43:39.914-06:00  INFO 3056 --- [discovery-service] [a-EvictionTimer] c.n.e.registry.AbstractInstanceRegistry  : Running the evict task with compensationTime 6ms
2026-08-03T22:43:44.922-06:00  INFO 3056 --- [discovery-service] [a-EvictionTimer] c.n.e.registry.AbstractInstanceRegistry  : Running the evict task with compensationTime 8ms
2026-08-03T22:43:49.922-06:00  INFO 3056 --- [discovery-service] [a-EvictionTimer] c.n.e.registry.AbstractInstanceRegistry  : Running the evict task with compensationTime 0ms
2026-08-03T22:43:54.935-06:00  INFO 3056 --- [discovery-service] [a-EvictionTimer] c.n.e.registry.AbstractInstanceRegistry  : Running the evict task with compensationTime 12ms
2026-08-03T22:43:59.943-06:00  INFO 3056 --- [discovery-service] [a-EvictionTimer] c.n.e.registry.AbstractInstanceRegistry  : Running the evict task with compensationTime 8ms
2026-08-03T22:44:04.946-06:00  INFO 3056 --- [discovery-service] [a-EvictionTimer] c.n.e.registry.AbstractInstanceRegistry  : Running the evict task with compensationTime 2ms
2026-08-03T22:44:09.947-06:00  INFO 3056 --- [discovery-service] [a-EvictionTimer] c.n.e.registry.AbstractInstanceRegistry  : Running the evict task with compensationTime 0ms
2026-08-03T22:44:14.948-06:00  INFO 3056 --- [discovery-service] [a-EvictionTimer] c.n.e.registry.AbstractInstanceRegistry  : Running the evict task with compensationTime 1ms
2026-08-03T22:44:19.948-06:00  INFO 3056 --- [discovery-service] [a-EvictionTimer] c.n.e.registry.AbstractInstanceRegistry  : Running the evict task with compensationTime 0ms
2026-08-03T22:44:24.949-06:00  INFO 3056 --- [discovery-service] [a-EvictionTimer] c.n.e.registry.AbstractInstanceRegistry  : Running the evict task with compensationTime 0ms
2026-08-03T22:44:29.950-06:00  INFO 3056 --- [discovery-service] [a-EvictionTimer] c.n.e.registry.AbstractInstanceRegistry  : Running the evict task with compensationTime 0ms
2026-08-03T22:44:34.950-06:00  INFO 3056 --- [discovery-service] [a-EvictionTimer] c.n.e.registry.AbstractInstanceRegistry  : Running the evict task with compensationTime 0ms
2026-08-03T22:44:39.951-06:00  INFO 3056 --- [discovery-service] [a-EvictionTimer] c.n.e.registry.AbstractInstanceRegistry  : Running the evict task with compensationTime 1ms
2026-08-03T22:44:44.952-06:00  INFO 3056 --- [discovery-service] [a-EvictionTimer] c.n.e.registry.AbstractInstanceRegistry  : Running the evict task with compensationTime 0ms
2026-08-03T22:44:49.952-06:00  INFO 3056 --- [discovery-service] [a-EvictionTimer] c.n.e.registry.AbstractInstanceRegistry  : Running the evict task with compensationTime 0ms
2026-08-03T22:44:54.953-06:00  INFO 3056 --- [discovery-service] [a-EvictionTimer] c.n.e.registry.AbstractInstanceRegistry  : Running the evict task with compensationTime 0ms
2026-08-03T22:44:59.954-06:00  INFO 3056 --- [discovery-service] [a-EvictionTimer] c.n.e.registry.AbstractInstanceRegistry  : Running the evict task with compensationTime 0ms
2026-08-03T22:45:04.954-06:00  INFO 3056 --- [discovery-service] [a-EvictionTimer] c.n.e.registry.AbstractInstanceRegistry  : Running the evict task with compensationTime 0ms
2026-08-03T22:45:09.955-06:00  INFO 3056 --- [discovery-service] [a-EvictionTimer] c.n.e.registry.AbstractInstanceRegistry  : Running the evict task with compensationTime 0ms
2026-08-03T22:45:14.956-06:00  INFO 3056 --- [discovery-service] [a-EvictionTimer] c.n.e.registry.AbstractInstanceRegistry  : Running the evict task with compensationTime 0ms
2026-08-03T22:45:19.956-06:00  INFO 3056 --- [discovery-service] [a-EvictionTimer] c.n.e.registry.AbstractInstanceRegistry  : Running the evict task with compensationTime 0ms
2026-08-03T22:45:24.957-06:00  INFO 3056 --- [discovery-service] [a-EvictionTimer] c.n.e.registry.AbstractInstanceRegistry  : Running the evict task with compensationTime 0ms
2026-08-03T22:45:29.957-06:00  INFO 3056 --- [discovery-service] [a-EvictionTimer] c.n.e.registry.AbstractInstanceRegistry  : Running the evict task with compensationTime 0ms
2026-08-03T22:45:34.959-06:00  INFO 3056 --- [discovery-service] [a-EvictionTimer] c.n.e.registry.AbstractInstanceRegistry  : Running the evict task with compensationTime 1ms
2026-08-03T22:45:39.959-06:00  INFO 3056 --- [discovery-service] [a-EvictionTimer] c.n.e.registry.AbstractInstanceRegistry  : Running the evict task with compensationTime 0ms
2026-08-03T22:45:44.960-06:00  INFO 3056 --- [discovery-service] [a-EvictionTimer] c.n.e.registry.AbstractInstanceRegistry  : Running the evict task with compensationTime 0ms
2026-08-03T22:45:49.961-06:00  INFO 3056 --- [discovery-service] [a-EvictionTimer] c.n.e.registry.AbstractInstanceRegistry  : Running the evict task with compensationTime 1ms
2026-08-03T22:45:54.962-06:00  INFO 3056 --- [discovery-service] [a-EvictionTimer] c.n.e.registry.AbstractInstanceRegistry  : Running the evict task with compensationTime 1ms
2026-08-03T22:45:59.963-06:00  INFO 3056 --- [discovery-service] [a-EvictionTimer] c.n.e.registry.AbstractInstanceRegistry  : Running the evict task with compensationTime 0ms
2026-08-03T22:46:04.964-06:00  INFO 3056 --- [discovery-service] [a-EvictionTimer] c.n.e.registry.AbstractInstanceRegistry  : Running the evict task with compensationTime 0ms
2026-08-03T22:46:09.965-06:00  INFO 3056 --- [discovery-service] [a-EvictionTimer] c.n.e.registry.AbstractInstanceRegistry  : Running the evict task with compensationTime 0ms
2026-08-03T22:46:14.410-06:00  WARN 3056 --- [discovery-service] [eerNodesUpdater] c.n.eureka.cluster.PeerEurekaNodes       : The replica size seems to be empty. Check the route 53 DNS Registry
2026-08-03T22:46:14.966-06:00  INFO 3056 --- [discovery-service] [a-EvictionTimer] c.n.e.registry.AbstractInstanceRegistry  : Running the evict task with compensationTime 1ms
2026-08-03T22:46:19.965-06:00  INFO 3056 --- [discovery-service] [a-EvictionTimer] c.n.e.registry.AbstractInstanceRegistry  : Running the evict task with compensationTime 0ms
2026-08-03T22:46:24.965-06:00  INFO 3056 --- [discovery-service] [a-EvictionTimer] c.n.e.registry.AbstractInstanceRegistry  : Running the evict task with compensationTime 0ms
2026-08-03T22:46:29.966-06:00  INFO 3056 --- [discovery-service] [a-EvictionTimer] c.n.e.registry.AbstractInstanceRegistry  : Running the evict task with compensationTime 0ms
2026-08-03T22:46:34.967-06:00  INFO 3056 --- [discovery-service] [a-EvictionTimer] c.n.e.registry.AbstractInstanceRegistry  : Running the evict task with compensationTime 1ms
2026-08-03T22:46:39.967-06:00  INFO 3056 --- [discovery-service] [a-EvictionTimer] c.n.e.registry.AbstractInstanceRegistry  : Running the evict task with compensationTime 0ms
2026-08-03T22:46:44.968-06:00  INFO 3056 --- [discovery-service] [a-EvictionTimer] c.n.e.registry.AbstractInstanceRegistry  : Running the evict task with compensationTime 0ms
2026-08-03T22:46:49.968-06:00  INFO 3056 --- [discovery-service] [a-EvictionTimer] c.n.e.registry.AbstractInstanceRegistry  : Running the evict task with compensationTime 0ms
2026-08-03T22:46:54.969-06:00  INFO 3056 --- [discovery-service] [a-EvictionTimer] c.n.e.registry.AbstractInstanceRegistry  : Running the evict task with compensationTime 0ms
2026-08-03T22:46:59.969-06:00  INFO 3056 --- [discovery-service] [a-EvictionTimer] c.n.e.registry.AbstractInstanceRegistry  : Running the evict task with compensationTime 0ms
2026-08-03T22:47:04.969-06:00  INFO 3056 --- [discovery-service] [a-EvictionTimer] c.n.e.registry.AbstractInstanceRegistry  : Running the evict task with compensationTime 0ms
2026-08-03T22:47:09.969-06:00  INFO 3056 --- [discovery-service] [a-EvictionTimer] c.n.e.registry.AbstractInstanceRegistry  : Running the evict task with compensationTime 0ms
2026-08-03T22:47:14.970-06:00  INFO 3056 --- [discovery-service] [a-EvictionTimer] c.n.e.registry.AbstractInstanceRegistry  : Running the evict task with compensationTime 0ms
2026-08-03T22:47:19.970-06:00  INFO 3056 --- [discovery-service] [a-EvictionTimer] c.n.e.registry.AbstractInstanceRegistry  : Running the evict task with compensationTime 0ms
2026-08-03T22:47:24.970-06:00  INFO 3056 --- [discovery-service] [a-EvictionTimer] c.n.e.registry.AbstractInstanceRegistry  : Running the evict task with compensationTime 0ms
2026-08-03T22:47:29.970-06:00  INFO 3056 --- [discovery-service] [a-EvictionTimer] c.n.e.registry.AbstractInstanceRegistry  : Running the evict task with compensationTime 0ms
2026-08-03T22:47:34.971-06:00  INFO 3056 --- [discovery-service] [a-EvictionTimer] c.n.e.registry.AbstractInstanceRegistry  : Running the evict task with compensationTime 0ms
2026-08-03T22:47:39.972-06:00  INFO 3056 --- [discovery-service] [a-EvictionTimer] c.n.e.registry.AbstractInstanceRegistry  : Running the evict task with compensationTime 1ms
2026-08-03T22:47:44.972-06:00  INFO 3056 --- [discovery-service] [a-EvictionTimer] c.n.e.registry.AbstractInstanceRegistry  : Running the evict task with compensationTime 0ms
2026-08-03T22:47:49.973-06:00  INFO 3056 --- [discovery-service] [a-EvictionTimer] c.n.e.registry.AbstractInstanceRegistry  : Running the evict task with compensationTime 0ms
2026-08-03T22:47:54.974-06:00  INFO 3056 --- [discovery-service] [a-EvictionTimer] c.n.e.registry.AbstractInstanceRegistry  : Running the evict task with compensationTime 0ms
2026-08-03T22:47:59.974-06:00  INFO 3056 --- [discovery-service] [a-EvictionTimer] c.n.e.registry.AbstractInstanceRegistry  : Running the evict task with compensationTime 0ms
2026-08-03T22:48:04.974-06:00  INFO 3056 --- [discovery-service] [a-EvictionTimer] c.n.e.registry.AbstractInstanceRegistry  : Running the evict task with compensationTime 0ms
2026-08-03T22:48:09.974-06:00  INFO 3056 --- [discovery-service] [a-EvictionTimer] c.n.e.registry.AbstractInstanceRegistry  : Running the evict task with compensationTime 0ms
2026-08-03T22:48:14.975-06:00  INFO 3056 --- [discovery-service] [a-EvictionTimer] c.n.e.registry.AbstractInstanceRegistry  : Running the evict task with compensationTime 0ms
2026-08-03T22:48:19.975-06:00  INFO 3056 --- [discovery-service] [a-EvictionTimer] c.n.e.registry.AbstractInstanceRegistry  : Running the evict task with compensationTime 0ms
2026-08-03T22:48:24.976-06:00  INFO 3056 --- [discovery-service] [a-EvictionTimer] c.n.e.registry.AbstractInstanceRegistry  : Running the evict task with compensationTime 0ms
2026-08-03T22:48:29.977-06:00  INFO 3056 --- [discovery-service] [a-EvictionTimer] c.n.e.registry.AbstractInstanceRegistry  : Running the evict task with compensationTime 1ms
2026-08-03T22:48:34.977-06:00  INFO 3056 --- [discovery-service] [a-EvictionTimer] c.n.e.registry.AbstractInstanceRegistry  : Running the evict task with compensationTime 0ms
2026-08-03T22:48:39.977-06:00  INFO 3056 --- [discovery-service] [a-EvictionTimer] c.n.e.registry.AbstractInstanceRegistry  : Running the evict task with compensationTime 0ms
2026-08-03T22:48:44.978-06:00  INFO 3056 --- [discovery-service] [a-EvictionTimer] c.n.e.registry.AbstractInstanceRegistry  : Running the evict task with compensationTime 0ms
2026-08-03T22:48:49.979-06:00  INFO 3056 --- [discovery-service] [a-EvictionTimer] c.n.e.registry.AbstractInstanceRegistry  : Running the evict task with compensationTime 1ms
2026-08-03T22:48:54.980-06:00  INFO 3056 --- [discovery-service] [a-EvictionTimer] c.n.e.registry.AbstractInstanceRegistry  : Running the evict task with compensationTime 1ms
2026-08-03T22:48:59.980-06:00  INFO 3056 --- [discovery-service] [a-EvictionTimer] c.n.e.registry.AbstractInstanceRegistry  : Running the evict task with compensationTime 0ms
2026-08-03T22:49:04.980-06:00  INFO 3056 --- [discovery-service] [a-EvictionTimer] c.n.e.registry.AbstractInstanceRegistry  : Running the evict task with compensationTime 0ms
2026-08-03T22:49:09.980-06:00  INFO 3056 --- [discovery-service] [a-EvictionTimer] c.n.e.registry.AbstractInstanceRegistry  : Running the evict task with compensationTime 0ms
2026-08-03T22:49:14.981-06:00  INFO 3056 --- [discovery-service] [a-EvictionTimer] c.n.e.registry.AbstractInstanceRegistry  : Running the evict task with compensationTime 0ms
2026-08-03T22:49:19.981-06:00  INFO 3056 --- [discovery-service] [a-EvictionTimer] c.n.e.registry.AbstractInstanceRegistry  : Running the evict task with compensationTime 0ms
2026-08-03T22:49:24.981-06:00  INFO 3056 --- [discovery-service] [a-EvictionTimer] c.n.e.registry.AbstractInstanceRegistry  : Running the evict task with compensationTime 0ms
2026-08-03T22:49:29.981-06:00  INFO 3056 --- [discovery-service] [a-EvictionTimer] c.n.e.registry.AbstractInstanceRegistry  : Running the evict task with compensationTime 0ms
2026-08-03T22:49:34.982-06:00  INFO 3056 --- [discovery-service] [a-EvictionTimer] c.n.e.registry.AbstractInstanceRegistry  : Running the evict task with compensationTime 0ms
2026-08-03T22:49:39.982-06:00  INFO 3056 --- [discovery-service] [a-EvictionTimer] c.n.e.registry.AbstractInstanceRegistry  : Running the evict task with compensationTime 0ms
2026-08-03T22:49:44.982-06:00  INFO 3056 --- [discovery-service] [a-EvictionTimer] c.n.e.registry.AbstractInstanceRegistry  : Running the evict task with compensationTime 0ms
2026-08-03T22:49:49.983-06:00  INFO 3056 --- [discovery-service] [a-EvictionTimer] c.n.e.registry.AbstractInstanceRegistry  : Running the evict task with compensationTime 0ms
2026-08-03T22:49:54.984-06:00  INFO 3056 --- [discovery-service] [a-EvictionTimer] c.n.e.registry.AbstractInstanceRegistry  : Running the evict task with compensationTime 0ms
2026-08-03T22:49:59.985-06:00  INFO 3056 --- [discovery-service] [a-EvictionTimer] c.n.e.registry.AbstractInstanceRegistry  : Running the evict task with compensationTime 1ms
2026-08-03T22:50:04.986-06:00  INFO 3056 --- [discovery-service] [a-EvictionTimer] c.n.e.registry.AbstractInstanceRegistry  : Running the evict task with compensationTime 0ms
2026-08-03T22:50:09.986-06:00  INFO 3056 --- [discovery-service] [a-EvictionTimer] c.n.e.registry.AbstractInstanceRegistry  : Running the evict task with compensationTime 0ms
2026-08-03T22:50:14.988-06:00  INFO 3056 --- [discovery-service] [a-EvictionTimer] c.n.e.registry.AbstractInstanceRegistry  : Running the evict task with compensationTime 1ms
2026-08-03T22:50:19.988-06:00  INFO 3056 --- [discovery-service] [a-EvictionTimer] c.n.e.registry.AbstractInstanceRegistry  : Running the evict task with compensationTime 0ms
2026-08-03T22:50:24.989-06:00  INFO 3056 --- [discovery-service] [a-EvictionTimer] c.n.e.registry.AbstractInstanceRegistry  : Running the evict task with compensationTime 0ms
2026-08-03T22:50:29.989-06:00  INFO 3056 --- [discovery-service] [a-EvictionTimer] c.n.e.registry.AbstractInstanceRegistry  : Running the evict task with compensationTime 0ms
2026-08-03T22:50:34.990-06:00  INFO 3056 --- [discovery-service] [a-EvictionTimer] c.n.e.registry.AbstractInstanceRegistry  : Running the evict task with compensationTime 0ms
2026-08-03T22:50:39.991-06:00  INFO 3056 --- [discovery-service] [a-EvictionTimer] c.n.e.registry.AbstractInstanceRegistry  : Running the evict task with compensationTime 1ms
2026-08-03T22:50:44.992-06:00  INFO 3056 --- [discovery-service] [a-EvictionTimer] c.n.e.registry.AbstractInstanceRegistry  : Running the evict task with compensationTime 1ms
2026-08-03T22:50:49.992-06:00  INFO 3056 --- [discovery-service] [a-EvictionTimer] c.n.e.registry.AbstractInstanceRegistry  : Running the evict task with compensationTime 0ms
2026-08-03T22:50:54.993-06:00  INFO 3056 --- [discovery-service] [a-EvictionTimer] c.n.e.registry.AbstractInstanceRegistry  : Running the evict task with compensationTime 0ms
2026-08-03T22:50:59.993-06:00  INFO 3056 --- [discovery-service] [a-EvictionTimer] c.n.e.registry.AbstractInstanceRegistry  : Running the evict task with compensationTime 0ms
2026-08-03T22:51:04.993-06:00  INFO 3056 --- [discovery-service] [a-EvictionTimer] c.n.e.registry.AbstractInstanceRegistry  : Running the evict task with compensationTime 0ms
2026-08-03T22:51:09.994-06:00  INFO 3056 --- [discovery-service] [a-EvictionTimer] c.n.e.registry.AbstractInstanceRegistry  : Running the evict task with compensationTime 0ms
2026-08-03T22:51:14.995-06:00  INFO 3056 --- [discovery-service] [a-EvictionTimer] c.n.e.registry.AbstractInstanceRegistry  : Running the evict task with compensationTime 1ms
2026-08-03T22:51:19.995-06:00  INFO 3056 --- [discovery-service] [a-EvictionTimer] c.n.e.registry.AbstractInstanceRegistry  : Running the evict task with compensationTime 0ms
2026-08-03T22:51:24.996-06:00  INFO 3056 --- [discovery-service] [a-EvictionTimer] c.n.e.registry.AbstractInstanceRegistry  : Running the evict task with compensationTime 0ms
2026-08-03T22:51:29.996-06:00  INFO 3056 --- [discovery-service] [a-EvictionTimer] c.n.e.registry.AbstractInstanceRegistry  : Running the evict task with compensationTime 0ms
2026-08-03T22:51:34.996-06:00  INFO 3056 --- [discovery-service] [a-EvictionTimer] c.n.e.registry.AbstractInstanceRegistry  : Running the evict task with compensationTime 0ms
2026-08-03T22:51:39.997-06:00  INFO 3056 --- [discovery-service] [a-EvictionTimer] c.n.e.registry.AbstractInstanceRegistry  : Running the evict task with compensationTime 0ms
2026-08-03T22:51:44.997-06:00  INFO 3056 --- [discovery-service] [a-EvictionTimer] c.n.e.registry.AbstractInstanceRegistry  : Running the evict task with compensationTime 0ms
2026-08-03T22:51:49.997-06:00  INFO 3056 --- [discovery-service] [a-EvictionTimer] c.n.e.registry.AbstractInstanceRegistry  : Running the evict task with compensationTime 0ms
2026-08-03T22:51:54.998-06:00  INFO 3056 --- [discovery-service] [a-EvictionTimer] c.n.e.registry.AbstractInstanceRegistry  : Running the evict task with compensationTime 0ms
2026-08-03T22:51:59.998-06:00  INFO 3056 --- [discovery-service] [a-EvictionTimer] c.n.e.registry.AbstractInstanceRegistry  : Running the evict task with compensationTime 0ms
2026-08-03T22:52:04.998-06:00  INFO 3056 --- [discovery-service] [a-EvictionTimer] c.n.e.registry.AbstractInstanceRegistry  : Running the evict task with compensationTime 0ms
2026-08-03T22:52:09.998-06:00  INFO 3056 --- [discovery-service] [a-EvictionTimer] c.n.e.registry.AbstractInstanceRegistry  : Running the evict task with compensationTime 0ms
2026-08-03T22:52:14.998-06:00  INFO 3056 --- [discovery-service] [a-EvictionTimer] c.n.e.registry.AbstractInstanceRegistry  : Running the evict task with compensationTime 0ms
2026-08-03T22:52:19.999-06:00  INFO 3056 --- [discovery-service] [a-EvictionTimer] c.n.e.registry.AbstractInstanceRegistry  : Running the evict task with compensationTime 1ms
2026-08-03T22:52:25.000-06:00  INFO 3056 --- [discovery-service] [a-EvictionTimer] c.n.e.registry.AbstractInstanceRegistry  : Running the evict task with compensationTime 0ms
2026-08-03T22:52:30.001-06:00  INFO 3056 --- [discovery-service] [a-EvictionTimer] c.n.e.registry.AbstractInstanceRegistry  : Running the evict task with compensationTime 0ms
2026-08-03T22:52:35.002-06:00  INFO 3056 --- [discovery-service] [a-EvictionTimer] c.n.e.registry.AbstractInstanceRegistry  : Running the evict task with compensationTime 1ms
2026-08-03T22:52:40.003-06:00  INFO 3056 --- [discovery-service] [a-EvictionTimer] c.n.e.registry.AbstractInstanceRegistry  : Running the evict task with compensationTime 0ms
2026-08-03T22:52:45.003-06:00  INFO 3056 --- [discovery-service] [a-EvictionTimer] c.n.e.registry.AbstractInstanceRegistry  : Running the evict task with compensationTime 0ms
2026-08-03T22:52:50.004-06:00  INFO 3056 --- [discovery-service] [a-EvictionTimer] c.n.e.registry.AbstractInstanceRegistry  : Running the evict task with compensationTime 0ms
2026-08-03T22:52:55.005-06:00  INFO 3056 --- [discovery-service] [a-EvictionTimer] c.n.e.registry.AbstractInstanceRegistry  : Running the evict task with compensationTime 0ms
2026-08-03T22:53:00.006-06:00  INFO 3056 --- [discovery-service] [a-EvictionTimer] c.n.e.registry.AbstractInstanceRegistry  : Running the evict task with compensationTime 0ms
2026-08-03T22:53:05.006-06:00  INFO 3056 --- [discovery-service] [a-EvictionTimer] c.n.e.registry.AbstractInstanceRegistry  : Running the evict task with compensationTime 0ms
2026-08-03T22:53:10.007-06:00  INFO 3056 --- [discovery-service] [a-EvictionTimer] c.n.e.registry.AbstractInstanceRegistry  : Running the evict task with compensationTime 0ms
2026-08-03T22:53:15.007-06:00  INFO 3056 --- [discovery-service] [a-EvictionTimer] c.n.e.registry.AbstractInstanceRegistry  : Running the evict task with compensationTime 0ms
2026-08-03T22:53:20.008-06:00  INFO 3056 --- [discovery-service] [a-EvictionTimer] c.n.e.registry.AbstractInstanceRegistry  : Running the evict task with compensationTime 0ms
2026-08-03T22:53:25.009-06:00  INFO 3056 --- [discovery-service] [a-EvictionTimer] c.n.e.registry.AbstractInstanceRegistry  : Running the evict task with compensationTime 0ms
2026-08-03T22:53:30.009-06:00  INFO 3056 --- [discovery-service] [a-EvictionTimer] c.n.e.registry.AbstractInstanceRegistry  : Running the evict task with compensationTime 0ms
2026-08-03T22:53:35.010-06:00  INFO 3056 --- [discovery-service] [a-EvictionTimer] c.n.e.registry.AbstractInstanceRegistry  : Running the evict task with compensationTime 0ms
2026-08-03T22:53:40.010-06:00  INFO 3056 --- [discovery-service] [a-EvictionTimer] c.n.e.registry.AbstractInstanceRegistry  : Running the evict task with compensationTime 0ms
2026-08-03T22:53:45.011-06:00  INFO 3056 --- [discovery-service] [a-EvictionTimer] c.n.e.registry.AbstractInstanceRegistry  : Running the evict task with compensationTime 0ms
2026-08-03T22:53:50.012-06:00  INFO 3056 --- [discovery-service] [a-EvictionTimer] c.n.e.registry.AbstractInstanceRegistry  : Running the evict task with compensationTime 0ms
2026-08-03T22:53:55.013-06:00  INFO 3056 --- [discovery-service] [a-EvictionTimer] c.n.e.registry.AbstractInstanceRegistry  : Running the evict task with compensationTime 1ms
2026-08-03T22:54:00.014-06:00  INFO 3056 --- [discovery-service] [a-EvictionTimer] c.n.e.registry.AbstractInstanceRegistry  : Running the evict task with compensationTime 1ms
2026-08-03T22:54:05.014-06:00  INFO 3056 --- [discovery-service] [a-EvictionTimer] c.n.e.registry.AbstractInstanceRegistry  : Running the evict task with compensationTime 0ms
2026-08-03T22:54:10.015-06:00  INFO 3056 --- [discovery-service] [a-EvictionTimer] c.n.e.registry.AbstractInstanceRegistry  : Running the evict task with compensationTime 0ms
2026-08-03T22:54:15.016-06:00  INFO 3056 --- [discovery-service] [a-EvictionTimer] c.n.e.registry.AbstractInstanceRegistry  : Running the evict task with compensationTime 1ms
2026-08-03T22:54:20.017-06:00  INFO 3056 --- [discovery-service] [a-EvictionTimer] c.n.e.registry.AbstractInstanceRegistry  : Running the evict task with compensationTime 0ms
2026-08-03T22:54:25.018-06:00  INFO 3056 --- [discovery-service] [a-EvictionTimer] c.n.e.registry.AbstractInstanceRegistry  : Running the evict task with compensationTime 1ms
2026-08-03T22:54:30.019-06:00  INFO 3056 --- [discovery-service] [a-EvictionTimer] c.n.e.registry.AbstractInstanceRegistry  : Running the evict task with compensationTime 0ms
2026-08-03T22:54:35.020-06:00  INFO 3056 --- [discovery-service] [a-EvictionTimer] c.n.e.registry.AbstractInstanceRegistry  : Running the evict task with compensationTime 0ms
2026-08-03T22:54:40.021-06:00  INFO 3056 --- [discovery-service] [a-EvictionTimer] c.n.e.registry.AbstractInstanceRegistry  : Running the evict task with compensationTime 1ms
2026-08-03T22:54:45.021-06:00  INFO 3056 --- [discovery-service] [a-EvictionTimer] c.n.e.registry.AbstractInstanceRegistry  : Running the evict task with compensationTime 0ms
2026-08-03T22:54:50.022-06:00  INFO 3056 --- [discovery-service] [a-EvictionTimer] c.n.e.registry.AbstractInstanceRegistry  : Running the evict task with compensationTime 1ms
2026-08-03T22:54:55.022-06:00  INFO 3056 --- [discovery-service] [a-EvictionTimer] c.n.e.registry.AbstractInstanceRegistry  : Running the evict task with compensationTime 0ms
2026-08-03T22:55:00.022-06:00  INFO 3056 --- [discovery-service] [a-EvictionTimer] c.n.e.registry.AbstractInstanceRegistry  : Running the evict task with compensationTime 0ms
2026-08-03T22:55:05.022-06:00  INFO 3056 --- [discovery-service] [a-EvictionTimer] c.n.e.registry.AbstractInstanceRegistry  : Running the evict task with compensationTime 0ms
2026-08-03T22:55:10.022-06:00  INFO 3056 --- [discovery-service] [a-EvictionTimer] c.n.e.registry.AbstractInstanceRegistry  : Running the evict task with compensationTime 0ms
2026-08-03T22:55:15.023-06:00  INFO 3056 --- [discovery-service] [a-EvictionTimer] c.n.e.registry.AbstractInstanceRegistry  : Running the evict task with compensationTime 0ms
2026-08-03T22:55:20.025-06:00  INFO 3056 --- [discovery-service] [a-EvictionTimer] c.n.e.registry.AbstractInstanceRegistry  : Running the evict task with compensationTime 2ms
2026-08-03T22:55:25.026-06:00  INFO 3056 --- [discovery-service] [a-EvictionTimer] c.n.e.registry.AbstractInstanceRegistry  : Running the evict task with compensationTime 1ms
2026-08-03T22:55:30.027-06:00  INFO 3056 --- [discovery-service] [a-EvictionTimer] c.n.e.registry.AbstractInstanceRegistry  : Running the evict task with compensationTime 0ms
2026-08-03T22:55:35.028-06:00  INFO 3056 --- [discovery-service] [a-EvictionTimer] c.n.e.registry.AbstractInstanceRegistry  : Running the evict task with compensationTime 1ms
2026-08-03T22:55:40.029-06:00  INFO 3056 --- [discovery-service] [a-EvictionTimer] c.n.e.registry.AbstractInstanceRegistry  : Running the evict task with compensationTime 0ms
2026-08-03T22:55:45.029-06:00  INFO 3056 --- [discovery-service] [a-EvictionTimer] c.n.e.registry.AbstractInstanceRegistry  : Running the evict task with compensationTime 0ms
2026-08-03T22:55:50.029-06:00  INFO 3056 --- [discovery-service] [a-EvictionTimer] c.n.e.registry.AbstractInstanceRegistry  : Running the evict task with compensationTime 0ms
2026-08-03T22:55:55.029-06:00  INFO 3056 --- [discovery-service] [a-EvictionTimer] c.n.e.registry.AbstractInstanceRegistry  : Running the evict task with compensationTime 0ms
2026-08-03T22:56:00.029-06:00  INFO 3056 --- [discovery-service] [a-EvictionTimer] c.n.e.registry.AbstractInstanceRegistry  : Running the evict task with compensationTime 0ms
2026-08-03T22:56:05.030-06:00  INFO 3056 --- [discovery-service] [a-EvictionTimer] c.n.e.registry.AbstractInstanceRegistry  : Running the evict task with compensationTime 0ms
2026-08-03T22:56:10.030-06:00  INFO 3056 --- [discovery-service] [a-EvictionTimer] c.n.e.registry.AbstractInstanceRegistry  : Running the evict task with compensationTime 0ms
2026-08-03T22:56:14.412-06:00  WARN 3056 --- [discovery-service] [eerNodesUpdater] c.n.eureka.cluster.PeerEurekaNodes       : The replica size seems to be empty. Check the route 53 DNS Registry
2026-08-03T22:56:14.442-06:00  INFO 3056 --- [discovery-service] [hresholdUpdater] c.n.e.r.PeerAwareInstanceRegistryImpl    : Current renewal threshold is : 5
2026-08-03T22:56:15.031-06:00  INFO 3056 --- [discovery-service] [a-EvictionTimer] c.n.e.registry.AbstractInstanceRegistry  : Running the evict task with compensationTime 1ms
2026-08-03T22:56:20.031-06:00  INFO 3056 --- [discovery-service] [a-EvictionTimer] c.n.e.registry.AbstractInstanceRegistry  : Running the evict task with compensationTime 0ms
2026-08-03T22:56:25.031-06:00  INFO 3056 --- [discovery-service] [a-EvictionTimer] c.n.e.registry.AbstractInstanceRegistry  : Running the evict task with compensationTime 0ms
2026-08-03T22:56:30.032-06:00  INFO 3056 --- [discovery-service] [a-EvictionTimer] c.n.e.registry.AbstractInstanceRegistry  : Running the evict task with compensationTime 1ms
2026-08-03T22:56:35.033-06:00  INFO 3056 --- [discovery-service] [a-EvictionTimer] c.n.e.registry.AbstractInstanceRegistry  : Running the evict task with compensationTime 0ms
2026-08-03T22:56:40.034-06:00  INFO 3056 --- [discovery-service] [a-EvictionTimer] c.n.e.registry.AbstractInstanceRegistry  : Running the evict task with compensationTime 1ms
2026-08-03T22:56:45.034-06:00  INFO 3056 --- [discovery-service] [a-EvictionTimer] c.n.e.registry.AbstractInstanceRegistry  : Running the evict task with compensationTime 0ms
2026-08-03T22:56:50.034-06:00  INFO 3056 --- [discovery-service] [a-EvictionTimer] c.n.e.registry.AbstractInstanceRegistry  : Running the evict task with compensationTime 0ms
2026-08-03T22:56:55.035-06:00  INFO 3056 --- [discovery-service] [a-EvictionTimer] c.n.e.registry.AbstractInstanceRegistry  : Running the evict task with compensationTime 1ms
2026-08-03T22:57:00.036-06:00  INFO 3056 --- [discovery-service] [a-EvictionTimer] c.n.e.registry.AbstractInstanceRegistry  : Running the evict task with compensationTime 0ms
2026-08-03T22:57:05.037-06:00  INFO 3056 --- [discovery-service] [a-EvictionTimer] c.n.e.registry.AbstractInstanceRegistry  : Running the evict task with compensationTime 0ms
2026-08-03T22:57:10.037-06:00  INFO 3056 --- [discovery-service] [a-EvictionTimer] c.n.e.registry.AbstractInstanceRegistry  : Running the evict task with compensationTime 0ms
2026-08-03T22:57:15.037-06:00  INFO 3056 --- [discovery-service] [a-EvictionTimer] c.n.e.registry.AbstractInstanceRegistry  : Running the evict task with compensationTime 0ms
2026-08-03T22:57:20.037-06:00  INFO 3056 --- [discovery-service] [a-EvictionTimer] c.n.e.registry.AbstractInstanceRegistry  : Running the evict task with compensationTime 0ms
2026-08-03T22:57:25.038-06:00  INFO 3056 --- [discovery-service] [a-EvictionTimer] c.n.e.registry.AbstractInstanceRegistry  : Running the evict task with compensationTime 0ms
2026-08-03T22:57:30.038-06:00  INFO 3056 --- [discovery-service] [a-EvictionTimer] c.n.e.registry.AbstractInstanceRegistry  : Running the evict task with compensationTime 0ms
2026-08-03T22:57:35.039-06:00  INFO 3056 --- [discovery-service] [a-EvictionTimer] c.n.e.registry.AbstractInstanceRegistry  : Running the evict task with compensationTime 1ms
2026-08-03T22:57:40.039-06:00  INFO 3056 --- [discovery-service] [a-EvictionTimer] c.n.e.registry.AbstractInstanceRegistry  : Running the evict task with compensationTime 0ms
2026-08-03T22:57:45.039-06:00  INFO 3056 --- [discovery-service] [a-EvictionTimer] c.n.e.registry.AbstractInstanceRegistry  : Running the evict task with compensationTime 0ms
2026-08-03T22:57:50.040-06:00  INFO 3056 --- [discovery-service] [a-EvictionTimer] c.n.e.registry.AbstractInstanceRegistry  : Running the evict task with compensationTime 0ms
2026-08-03T22:57:55.040-06:00  INFO 3056 --- [discovery-service] [a-EvictionTimer] c.n.e.registry.AbstractInstanceRegistry  : Running the evict task with compensationTime 0ms
2026-08-03T22:58:00.041-06:00  INFO 3056 --- [discovery-service] [a-EvictionTimer] c.n.e.registry.AbstractInstanceRegistry  : Running the evict task with compensationTime 1ms
2026-08-03T22:58:05.042-06:00  INFO 3056 --- [discovery-service] [a-EvictionTimer] c.n.e.registry.AbstractInstanceRegistry  : Running the evict task with compensationTime 0ms
2026-08-03T22:58:10.043-06:00  INFO 3056 --- [discovery-service] [a-EvictionTimer] c.n.e.registry.AbstractInstanceRegistry  : Running the evict task with compensationTime 1ms
2026-08-03T22:58:15.044-06:00  INFO 3056 --- [discovery-service] [a-EvictionTimer] c.n.e.registry.AbstractInstanceRegistry  : Running the evict task with compensationTime 1ms
2026-08-03T22:58:20.044-06:00  INFO 3056 --- [discovery-service] [a-EvictionTimer] c.n.e.registry.AbstractInstanceRegistry  : Running the evict task with compensationTime 0ms
2026-08-03T22:58:25.044-06:00  INFO 3056 --- [discovery-service] [a-EvictionTimer] c.n.e.registry.AbstractInstanceRegistry  : Running the evict task with compensationTime 0ms
2026-08-03T22:58:30.045-06:00  INFO 3056 --- [discovery-service] [a-EvictionTimer] c.n.e.registry.AbstractInstanceRegistry  : Running the evict task with compensationTime 0ms
2026-08-03T22:58:35.045-06:00  INFO 3056 --- [discovery-service] [a-EvictionTimer] c.n.e.registry.AbstractInstanceRegistry  : Running the evict task with compensationTime 0ms
2026-08-03T22:58:40.045-06:00  INFO 3056 --- [discovery-service] [a-EvictionTimer] c.n.e.registry.AbstractInstanceRegistry  : Running the evict task with compensationTime 0ms
2026-08-03T22:58:45.046-06:00  INFO 3056 --- [discovery-service] [a-EvictionTimer] c.n.e.registry.AbstractInstanceRegistry  : Running the evict task with compensationTime 0ms
2026-08-03T22:58:50.046-06:00  INFO 3056 --- [discovery-service] [a-EvictionTimer] c.n.e.registry.AbstractInstanceRegistry  : Running the evict task with compensationTime 0ms
2026-08-03T22:58:55.046-06:00  INFO 3056 --- [discovery-service] [a-EvictionTimer] c.n.e.registry.AbstractInstanceRegistry  : Running the evict task with compensationTime 0ms
2026-08-03T22:59:00.046-06:00  INFO 3056 --- [discovery-service] [a-EvictionTimer] c.n.e.registry.AbstractInstanceRegistry  : Running the evict task with compensationTime 0ms
2026-08-03T22:59:05.047-06:00  INFO 3056 --- [discovery-service] [a-EvictionTimer] c.n.e.registry.AbstractInstanceRegistry  : Running the evict task with compensationTime 0ms
2026-08-03T22:59:10.047-06:00  INFO 3056 --- [discovery-service] [a-EvictionTimer] c.n.e.registry.AbstractInstanceRegistry  : Running the evict task with compensationTime 0ms
2026-08-03T22:59:15.048-06:00  INFO 3056 --- [discovery-service] [a-EvictionTimer] c.n.e.registry.AbstractInstanceRegistry  : Running the evict task with compensationTime 0ms
2026-08-03T22:59:20.048-06:00  INFO 3056 --- [discovery-service] [a-EvictionTimer] c.n.e.registry.AbstractInstanceRegistry  : Running the evict task with compensationTime 0ms
2026-08-03T22:59:25.048-06:00  INFO 3056 --- [discovery-service] [a-EvictionTimer] c.n.e.registry.AbstractInstanceRegistry  : Running the evict task with compensationTime 0ms
2026-08-03T22:59:30.048-06:00  INFO 3056 --- [discovery-service] [a-EvictionTimer] c.n.e.registry.AbstractInstanceRegistry  : Running the evict task with compensationTime 0ms
2026-08-03T22:59:35.049-06:00  INFO 3056 --- [discovery-service] [a-EvictionTimer] c.n.e.registry.AbstractInstanceRegistry  : Running the evict task with compensationTime 0ms
2026-08-03T22:59:40.049-06:00  INFO 3056 --- [discovery-service] [a-EvictionTimer] c.n.e.registry.AbstractInstanceRegistry  : Running the evict task with compensationTime 0ms
2026-08-03T22:59:45.049-06:00  INFO 3056 --- [discovery-service] [a-EvictionTimer] c.n.e.registry.AbstractInstanceRegistry  : Running the evict task with compensationTime 0ms
2026-08-03T22:59:50.050-06:00  INFO 3056 --- [discovery-service] [a-EvictionTimer] c.n.e.registry.AbstractInstanceRegistry  : Running the evict task with compensationTime 0ms
2026-08-03T22:59:55.050-06:00  INFO 3056 --- [discovery-service] [a-EvictionTimer] c.n.e.registry.AbstractInstanceRegistry  : Running the evict task with compensationTime 0ms
2026-08-03T23:00:00.051-06:00  INFO 3056 --- [discovery-service] [a-EvictionTimer] c.n.e.registry.AbstractInstanceRegistry  : Running the evict task with compensationTime 0ms
2026-08-03T23:00:05.051-06:00  INFO 3056 --- [discovery-service] [a-EvictionTimer] c.n.e.registry.AbstractInstanceRegistry  : Running the evict task with compensationTime 0ms
2026-08-03T23:00:10.052-06:00  INFO 3056 --- [discovery-service] [a-EvictionTimer] c.n.e.registry.AbstractInstanceRegistry  : Running the evict task with compensationTime 0ms
2026-08-03T23:00:15.052-06:00  INFO 3056 --- [discovery-service] [a-EvictionTimer] c.n.e.registry.AbstractInstanceRegistry  : Running the evict task with compensationTime 0ms
2026-08-03T23:00:20.053-06:00  INFO 3056 --- [discovery-service] [a-EvictionTimer] c.n.e.registry.AbstractInstanceRegistry  : Running the evict task with compensationTime 0ms
2026-08-03T23:00:25.053-06:00  INFO 3056 --- [discovery-service] [a-EvictionTimer] c.n.e.registry.AbstractInstanceRegistry  : Running the evict task with compensationTime 0ms
2026-08-03T23:00:30.053-06:00  INFO 3056 --- [discovery-service] [a-EvictionTimer] c.n.e.registry.AbstractInstanceRegistry  : Running the evict task with compensationTime 0ms
2026-08-03T23:00:35.053-06:00  INFO 3056 --- [discovery-service] [a-EvictionTimer] c.n.e.registry.AbstractInstanceRegistry  : Running the evict task with compensationTime 0ms
2026-08-03T23:00:40.053-06:00  INFO 3056 --- [discovery-service] [a-EvictionTimer] c.n.e.registry.AbstractInstanceRegistry  : Running the evict task with compensationTime 0ms
2026-08-03T23:00:45.053-06:00  INFO 3056 --- [discovery-service] [a-EvictionTimer] c.n.e.registry.AbstractInstanceRegistry  : Running the evict task with compensationTime 0ms
2026-08-03T23:00:50.054-06:00  INFO 3056 --- [discovery-service] [a-EvictionTimer] c.n.e.registry.AbstractInstanceRegistry  : Running the evict task with compensationTime 0ms
2026-08-03T23:00:55.055-06:00  INFO 3056 --- [discovery-service] [a-EvictionTimer] c.n.e.registry.AbstractInstanceRegistry  : Running the evict task with compensationTime 0ms
2026-08-03T23:01:00.055-06:00  INFO 3056 --- [discovery-service] [a-EvictionTimer] c.n.e.registry.AbstractInstanceRegistry  : Running the evict task with compensationTime 0ms
2026-08-03T23:01:05.056-06:00  INFO 3056 --- [discovery-service] [a-EvictionTimer] c.n.e.registry.AbstractInstanceRegistry  : Running the evict task with compensationTime 0ms
2026-08-03T23:01:10.057-06:00  INFO 3056 --- [discovery-service] [a-EvictionTimer] c.n.e.registry.AbstractInstanceRegistry  : Running the evict task with compensationTime 0ms
2026-08-03T23:01:15.057-06:00  INFO 3056 --- [discovery-service] [a-EvictionTimer] c.n.e.registry.AbstractInstanceRegistry  : Running the evict task with compensationTime 0ms
2026-08-03T23:01:20.058-06:00  INFO 3056 --- [discovery-service] [a-EvictionTimer] c.n.e.registry.AbstractInstanceRegistry  : Running the evict task with compensationTime 0ms
2026-08-03T23:01:25.058-06:00  INFO 3056 --- [discovery-service] [a-EvictionTimer] c.n.e.registry.AbstractInstanceRegistry  : Running the evict task with compensationTime 0ms
2026-08-03T23:01:30.058-06:00  INFO 3056 --- [discovery-service] [a-EvictionTimer] c.n.e.registry.AbstractInstanceRegistry  : Running the evict task with compensationTime 0ms
2026-08-03T23:01:35.058-06:00  INFO 3056 --- [discovery-service] [a-EvictionTimer] c.n.e.registry.AbstractInstanceRegistry  : Running the evict task with compensationTime 0ms
2026-08-03T23:01:40.059-06:00  INFO 3056 --- [discovery-service] [a-EvictionTimer] c.n.e.registry.AbstractInstanceRegistry  : Running the evict task with compensationTime 0ms
2026-08-03T23:01:45.059-06:00  INFO 3056 --- [discovery-service] [a-EvictionTimer] c.n.e.registry.AbstractInstanceRegistry  : Running the evict task with compensationTime 0ms
2026-08-03T23:01:50.059-06:00  INFO 3056 --- [discovery-service] [a-EvictionTimer] c.n.e.registry.AbstractInstanceRegistry  : Running the evict task with compensationTime 0ms
2026-08-03T23:01:55.060-06:00  INFO 3056 --- [discovery-service] [a-EvictionTimer] c.n.e.registry.AbstractInstanceRegistry  : Running the evict task with compensationTime 0ms
2026-08-03T23:02:00.061-06:00  INFO 3056 --- [discovery-service] [a-EvictionTimer] c.n.e.registry.AbstractInstanceRegistry  : Running the evict task with compensationTime 1ms
2026-08-03T23:02:05.062-06:00  INFO 3056 --- [discovery-service] [a-EvictionTimer] c.n.e.registry.AbstractInstanceRegistry  : Running the evict task with compensationTime 0ms
2026-08-03T23:02:10.062-06:00  INFO 3056 --- [discovery-service] [a-EvictionTimer] c.n.e.registry.AbstractInstanceRegistry  : Running the evict task with compensationTime 0ms
2026-08-03T23:02:15.063-06:00  INFO 3056 --- [discovery-service] [a-EvictionTimer] c.n.e.registry.AbstractInstanceRegistry  : Running the evict task with compensationTime 0ms
2026-08-03T23:02:20.063-06:00  INFO 3056 --- [discovery-service] [a-EvictionTimer] c.n.e.registry.AbstractInstanceRegistry  : Running the evict task with compensationTime 0ms
2026-08-03T23:02:25.064-06:00  INFO 3056 --- [discovery-service] [a-EvictionTimer] c.n.e.registry.AbstractInstanceRegistry  : Running the evict task with compensationTime 0ms
2026-08-03T23:02:30.066-06:00  INFO 3056 --- [discovery-service] [a-EvictionTimer] c.n.e.registry.AbstractInstanceRegistry  : Running the evict task with compensationTime 1ms
2026-08-03T23:02:35.067-06:00  INFO 3056 --- [discovery-service] [a-EvictionTimer] c.n.e.registry.AbstractInstanceRegistry  : Running the evict task with compensationTime 1ms
2026-08-03T23:02:40.068-06:00  INFO 3056 --- [discovery-service] [a-EvictionTimer] c.n.e.registry.AbstractInstanceRegistry  : Running the evict task with compensationTime 0ms
2026-08-03T23:02:45.069-06:00  INFO 3056 --- [discovery-service] [a-EvictionTimer] c.n.e.registry.AbstractInstanceRegistry  : Running the evict task with compensationTime 1ms
2026-08-03T23:02:50.070-06:00  INFO 3056 --- [discovery-service] [a-EvictionTimer] c.n.e.registry.AbstractInstanceRegistry  : Running the evict task with compensationTime 1ms
2026-08-03T23:02:55.071-06:00  INFO 3056 --- [discovery-service] [a-EvictionTimer] c.n.e.registry.AbstractInstanceRegistry  : Running the evict task with compensationTime 0ms
2026-08-03T23:03:00.072-06:00  INFO 3056 --- [discovery-service] [a-EvictionTimer] c.n.e.registry.AbstractInstanceRegistry  : Running the evict task with compensationTime 1ms
2026-08-03T23:03:05.072-06:00  INFO 3056 --- [discovery-service] [a-EvictionTimer] c.n.e.registry.AbstractInstanceRegistry  : Running the evict task with compensationTime 0ms
2026-08-03T23:03:10.072-06:00  INFO 3056 --- [discovery-service] [a-EvictionTimer] c.n.e.registry.AbstractInstanceRegistry  : Running the evict task with compensationTime 0ms
2026-08-03T23:03:15.073-06:00  INFO 3056 --- [discovery-service] [a-EvictionTimer] c.n.e.registry.AbstractInstanceRegistry  : Running the evict task with compensationTime 1ms
2026-08-03T23:03:20.073-06:00  INFO 3056 --- [discovery-service] [a-EvictionTimer] c.n.e.registry.AbstractInstanceRegistry  : Running the evict task with compensationTime 0ms
2026-08-03T23:03:25.074-06:00  INFO 3056 --- [discovery-service] [a-EvictionTimer] c.n.e.registry.AbstractInstanceRegistry  : Running the evict task with compensationTime 0ms
2026-08-03T23:03:30.075-06:00  INFO 3056 --- [discovery-service] [a-EvictionTimer] c.n.e.registry.AbstractInstanceRegistry  : Running the evict task with compensationTime 0ms
2026-08-03T23:03:35.075-06:00  INFO 3056 --- [discovery-service] [a-EvictionTimer] c.n.e.registry.AbstractInstanceRegistry  : Running the evict task with compensationTime 0ms
2026-08-03T23:03:40.075-06:00  INFO 3056 --- [discovery-service] [a-EvictionTimer] c.n.e.registry.AbstractInstanceRegistry  : Running the evict task with compensationTime 0ms
2026-08-03T23:03:45.076-06:00  INFO 3056 --- [discovery-service] [a-EvictionTimer] c.n.e.registry.AbstractInstanceRegistry  : Running the evict task with compensationTime 0ms
2026-08-03T23:03:50.077-06:00  INFO 3056 --- [discovery-service] [a-EvictionTimer] c.n.e.registry.AbstractInstanceRegistry  : Running the evict task with compensationTime 1ms
2026-08-03T23:03:55.077-06:00  INFO 3056 --- [discovery-service] [a-EvictionTimer] c.n.e.registry.AbstractInstanceRegistry  : Running the evict task with compensationTime 0ms
2026-08-03T23:04:00.077-06:00  INFO 3056 --- [discovery-service] [a-EvictionTimer] c.n.e.registry.AbstractInstanceRegistry  : Running the evict task with compensationTime 0ms
2026-08-03T23:04:05.077-06:00  INFO 3056 --- [discovery-service] [a-EvictionTimer] c.n.e.registry.AbstractInstanceRegistry  : Running the evict task with compensationTime 0ms
2026-08-03T23:04:10.077-06:00  INFO 3056 --- [discovery-service] [a-EvictionTimer] c.n.e.registry.AbstractInstanceRegistry  : Running the evict task with compensationTime 0ms
2026-08-03T23:04:15.077-06:00  INFO 3056 --- [discovery-service] [a-EvictionTimer] c.n.e.registry.AbstractInstanceRegistry  : Running the evict task with compensationTime 0ms
2026-08-03T23:04:20.078-06:00  INFO 3056 --- [discovery-service] [a-EvictionTimer] c.n.e.registry.AbstractInstanceRegistry  : Running the evict task with compensationTime 0ms
2026-08-03T23:04:25.078-06:00  INFO 3056 --- [discovery-service] [a-EvictionTimer] c.n.e.registry.AbstractInstanceRegistry  : Running the evict task with compensationTime 0ms
2026-08-03T23:04:30.079-06:00  INFO 3056 --- [discovery-service] [a-EvictionTimer] c.n.e.registry.AbstractInstanceRegistry  : Running the evict task with compensationTime 0ms
2026-08-03T23:04:35.080-06:00  INFO 3056 --- [discovery-service] [a-EvictionTimer] c.n.e.registry.AbstractInstanceRegistry  : Running the evict task with compensationTime 0ms
2026-08-03T23:04:40.081-06:00  INFO 3056 --- [discovery-service] [a-EvictionTimer] c.n.e.registry.AbstractInstanceRegistry  : Running the evict task with compensationTime 0ms
2026-08-03T23:04:45.082-06:00  INFO 3056 --- [discovery-service] [a-EvictionTimer] c.n.e.registry.AbstractInstanceRegistry  : Running the evict task with compensationTime 1ms
2026-08-03T23:04:50.083-06:00  INFO 3056 --- [discovery-service] [a-EvictionTimer] c.n.e.registry.AbstractInstanceRegistry  : Running the evict task with compensationTime 0ms
2026-08-03T23:04:55.083-06:00  INFO 3056 --- [discovery-service] [a-EvictionTimer] c.n.e.registry.AbstractInstanceRegistry  : Running the evict task with compensationTime 0ms
2026-08-03T23:05:00.098-06:00  INFO 3056 --- [discovery-service] [a-EvictionTimer] c.n.e.registry.AbstractInstanceRegistry  : Running the evict task with compensationTime 15ms
2026-08-03T23:05:05.100-06:00  INFO 3056 --- [discovery-service] [a-EvictionTimer] c.n.e.registry.AbstractInstanceRegistry  : Running the evict task with compensationTime 1ms
2026-08-03T23:05:10.105-06:00  INFO 3056 --- [discovery-service] [a-EvictionTimer] c.n.e.registry.AbstractInstanceRegistry  : Running the evict task with compensationTime 4ms
2026-08-03T23:05:15.117-06:00  INFO 3056 --- [discovery-service] [a-EvictionTimer] c.n.e.registry.AbstractInstanceRegistry  : Running the evict task with compensationTime 12ms
2026-08-03T23:05:20.120-06:00  INFO 3056 --- [discovery-service] [a-EvictionTimer] c.n.e.registry.AbstractInstanceRegistry  : Running the evict task with compensationTime 3ms
2026-08-03T23:05:25.123-06:00  INFO 3056 --- [discovery-service] [a-EvictionTimer] c.n.e.registry.AbstractInstanceRegistry  : Running the evict task with compensationTime 2ms
2026-08-03T23:05:30.128-06:00  INFO 3056 --- [discovery-service] [a-EvictionTimer] c.n.e.registry.AbstractInstanceRegistry  : Running the evict task with compensationTime 5ms
2026-08-03T23:05:35.140-06:00  INFO 3056 --- [discovery-service] [a-EvictionTimer] c.n.e.registry.AbstractInstanceRegistry  : Running the evict task with compensationTime 11ms
2026-08-03T23:05:40.151-06:00  INFO 3056 --- [discovery-service] [a-EvictionTimer] c.n.e.registry.AbstractInstanceRegistry  : Running the evict task with compensationTime 11ms
2026-08-03T23:05:45.164-06:00  INFO 3056 --- [discovery-service] [a-EvictionTimer] c.n.e.registry.AbstractInstanceRegistry  : Running the evict task with compensationTime 12ms
2026-08-03T23:05:50.178-06:00  INFO 3056 --- [discovery-service] [a-EvictionTimer] c.n.e.registry.AbstractInstanceRegistry  : Running the evict task with compensationTime 13ms
2026-08-03T23:05:55.182-06:00  INFO 3056 --- [discovery-service] [a-EvictionTimer] c.n.e.registry.AbstractInstanceRegistry  : Running the evict task with compensationTime 3ms
2026-08-03T23:06:00.193-06:00  INFO 3056 --- [discovery-service] [a-EvictionTimer] c.n.e.registry.AbstractInstanceRegistry  : Running the evict task with compensationTime 10ms
2026-08-03T23:06:05.196-06:00  INFO 3056 --- [discovery-service] [a-EvictionTimer] c.n.e.registry.AbstractInstanceRegistry  : Running the evict task with compensationTime 3ms
2026-08-03T23:06:10.212-06:00  INFO 3056 --- [discovery-service] [a-EvictionTimer] c.n.e.registry.AbstractInstanceRegistry  : Running the evict task with compensationTime 16ms
2026-08-03T23:06:14.428-06:00  WARN 3056 --- [discovery-service] [eerNodesUpdater] c.n.eureka.cluster.PeerEurekaNodes       : The replica size seems to be empty. Check the route 53 DNS Registry
2026-08-03T23:06:15.221-06:00  INFO 3056 --- [discovery-service] [a-EvictionTimer] c.n.e.registry.AbstractInstanceRegistry  : Running the evict task with compensationTime 9ms
2026-08-03T23:06:20.228-06:00  INFO 3056 --- [discovery-service] [a-EvictionTimer] c.n.e.registry.AbstractInstanceRegistry  : Running the evict task with compensationTime 7ms
2026-08-03T23:06:25.235-06:00  INFO 3056 --- [discovery-service] [a-EvictionTimer] c.n.e.registry.AbstractInstanceRegistry  : Running the evict task with compensationTime 6ms
2026-08-03T23:06:30.242-06:00  INFO 3056 --- [discovery-service] [a-EvictionTimer] c.n.e.registry.AbstractInstanceRegistry  : Running the evict task with compensationTime 7ms
2026-08-03T23:06:35.254-06:00  INFO 3056 --- [discovery-service] [a-EvictionTimer] c.n.e.registry.AbstractInstanceRegistry  : Running the evict task with compensationTime 11ms
2026-08-03T23:06:40.258-06:00  INFO 3056 --- [discovery-service] [a-EvictionTimer] c.n.e.registry.AbstractInstanceRegistry  : Running the evict task with compensationTime 3ms
2026-08-03T23:06:45.260-06:00  INFO 3056 --- [discovery-service] [a-EvictionTimer] c.n.e.registry.AbstractInstanceRegistry  : Running the evict task with compensationTime 2ms
2026-08-03T23:06:50.268-06:00  INFO 3056 --- [discovery-service] [a-EvictionTimer] c.n.e.registry.AbstractInstanceRegistry  : Running the evict task with compensationTime 8ms
2026-08-03T23:06:55.276-06:00  INFO 3056 --- [discovery-service] [a-EvictionTimer] c.n.e.registry.AbstractInstanceRegistry  : Running the evict task with compensationTime 8ms
2026-08-03T23:07:00.290-06:00  INFO 3056 --- [discovery-service] [a-EvictionTimer] c.n.e.registry.AbstractInstanceRegistry  : Running the evict task with compensationTime 13ms
2026-08-03T23:07:05.296-06:00  INFO 3056 --- [discovery-service] [a-EvictionTimer] c.n.e.registry.AbstractInstanceRegistry  : Running the evict task with compensationTime 6ms
2026-08-03T23:07:10.299-06:00  INFO 3056 --- [discovery-service] [a-EvictionTimer] c.n.e.registry.AbstractInstanceRegistry  : Running the evict task with compensationTime 2ms
2026-08-03T23:07:15.314-06:00  INFO 3056 --- [discovery-service] [a-EvictionTimer] c.n.e.registry.AbstractInstanceRegistry  : Running the evict task with compensationTime 14ms
2026-08-03T23:07:20.322-06:00  INFO 3056 --- [discovery-service] [a-EvictionTimer] c.n.e.registry.AbstractInstanceRegistry  : Running the evict task with compensationTime 8ms
2026-08-03T23:07:25.337-06:00  INFO 3056 --- [discovery-service] [a-EvictionTimer] c.n.e.registry.AbstractInstanceRegistry  : Running the evict task with compensationTime 15ms
2026-08-03T23:07:30.341-06:00  INFO 3056 --- [discovery-service] [a-EvictionTimer] c.n.e.registry.AbstractInstanceRegistry  : Running the evict task with compensationTime 3ms
2026-08-03T23:07:35.345-06:00  INFO 3056 --- [discovery-service] [a-EvictionTimer] c.n.e.registry.AbstractInstanceRegistry  : Running the evict task with compensationTime 4ms
2026-08-03T23:07:40.348-06:00  INFO 3056 --- [discovery-service] [a-EvictionTimer] c.n.e.registry.AbstractInstanceRegistry  : Running the evict task with compensationTime 2ms
2026-08-03T23:07:45.350-06:00  INFO 3056 --- [discovery-service] [a-EvictionTimer] c.n.e.registry.AbstractInstanceRegistry  : Running the evict task with compensationTime 1ms
2026-08-03T23:07:50.362-06:00  INFO 3056 --- [discovery-service] [a-EvictionTimer] c.n.e.registry.AbstractInstanceRegistry  : Running the evict task with compensationTime 12ms
2026-08-03T23:07:55.374-06:00  INFO 3056 --- [discovery-service] [a-EvictionTimer] c.n.e.registry.AbstractInstanceRegistry  : Running the evict task with compensationTime 12ms
2026-08-03T23:08:00.376-06:00  INFO 3056 --- [discovery-service] [a-EvictionTimer] c.n.e.registry.AbstractInstanceRegistry  : Running the evict task with compensationTime 2ms
2026-08-03T23:08:05.385-06:00  INFO 3056 --- [discovery-service] [a-EvictionTimer] c.n.e.registry.AbstractInstanceRegistry  : Running the evict task with compensationTime 8ms
2026-08-03T23:08:10.390-06:00  INFO 3056 --- [discovery-service] [a-EvictionTimer] c.n.e.registry.AbstractInstanceRegistry  : Running the evict task with compensationTime 4ms
2026-08-03T23:08:15.405-06:00  INFO 3056 --- [discovery-service] [a-EvictionTimer] c.n.e.registry.AbstractInstanceRegistry  : Running the evict task with compensationTime 15ms
2026-08-03T23:08:20.419-06:00  INFO 3056 --- [discovery-service] [a-EvictionTimer] c.n.e.registry.AbstractInstanceRegistry  : Running the evict task with compensationTime 13ms
2026-08-03T23:08:25.422-06:00  INFO 3056 --- [discovery-service] [a-EvictionTimer] c.n.e.registry.AbstractInstanceRegistry  : Running the evict task with compensationTime 3ms
2026-08-03T23:08:30.424-06:00  INFO 3056 --- [discovery-service] [a-EvictionTimer] c.n.e.registry.AbstractInstanceRegistry  : Running the evict task with compensationTime 1ms
2026-08-03T23:08:35.430-06:00  INFO 3056 --- [discovery-service] [a-EvictionTimer] c.n.e.registry.AbstractInstanceRegistry  : Running the evict task with compensationTime 6ms
2026-08-03T23:08:40.439-06:00  INFO 3056 --- [discovery-service] [a-EvictionTimer] c.n.e.registry.AbstractInstanceRegistry  : Running the evict task with compensationTime 8ms
2026-08-03T23:08:45.453-06:00  INFO 3056 --- [discovery-service] [a-EvictionTimer] c.n.e.registry.AbstractInstanceRegistry  : Running the evict task with compensationTime 14ms
2026-08-03T23:08:50.466-06:00  INFO 3056 --- [discovery-service] [a-EvictionTimer] c.n.e.registry.AbstractInstanceRegistry  : Running the evict task with compensationTime 12ms
2026-08-03T23:08:55.473-06:00  INFO 3056 --- [discovery-service] [a-EvictionTimer] c.n.e.registry.AbstractInstanceRegistry  : Running the evict task with compensationTime 7ms
2026-08-03T23:09:00.481-06:00  INFO 3056 --- [discovery-service] [a-EvictionTimer] c.n.e.registry.AbstractInstanceRegistry  : Running the evict task with compensationTime 7ms
2026-08-03T23:09:05.484-06:00  INFO 3056 --- [discovery-service] [a-EvictionTimer] c.n.e.registry.AbstractInstanceRegistry  : Running the evict task with compensationTime 3ms
2026-08-03T23:09:10.496-06:00  INFO 3056 --- [discovery-service] [a-EvictionTimer] c.n.e.registry.AbstractInstanceRegistry  : Running the evict task with compensationTime 12ms
2026-08-03T23:09:15.498-06:00  INFO 3056 --- [discovery-service] [a-EvictionTimer] c.n.e.registry.AbstractInstanceRegistry  : Running the evict task with compensationTime 1ms
2026-08-03T23:09:20.500-06:00  INFO 3056 --- [discovery-service] [a-EvictionTimer] c.n.e.registry.AbstractInstanceRegistry  : Running the evict task with compensationTime 1ms
2026-08-03T23:09:25.513-06:00  INFO 3056 --- [discovery-service] [a-EvictionTimer] c.n.e.registry.AbstractInstanceRegistry  : Running the evict task with compensationTime 13ms
2026-08-03T23:09:30.519-06:00  INFO 3056 --- [discovery-service] [a-EvictionTimer] c.n.e.registry.AbstractInstanceRegistry  : Running the evict task with compensationTime 5ms
2026-08-03T23:09:35.532-06:00  INFO 3056 --- [discovery-service] [a-EvictionTimer] c.n.e.registry.AbstractInstanceRegistry  : Running the evict task with compensationTime 14ms
2026-08-03T23:09:40.539-06:00  INFO 3056 --- [discovery-service] [a-EvictionTimer] c.n.e.registry.AbstractInstanceRegistry  : Running the evict task with compensationTime 6ms
2026-08-03T23:09:45.544-06:00  INFO 3056 --- [discovery-service] [a-EvictionTimer] c.n.e.registry.AbstractInstanceRegistry  : Running the evict task with compensationTime 4ms
2026-08-03T23:09:50.549-06:00  INFO 3056 --- [discovery-service] [a-EvictionTimer] c.n.e.registry.AbstractInstanceRegistry  : Running the evict task with compensationTime 5ms
2026-08-03T23:09:55.562-06:00  INFO 3056 --- [discovery-service] [a-EvictionTimer] c.n.e.registry.AbstractInstanceRegistry  : Running the evict task with compensationTime 12ms
2026-08-03T23:10:00.568-06:00  INFO 3056 --- [discovery-service] [a-EvictionTimer] c.n.e.registry.AbstractInstanceRegistry  : Running the evict task with compensationTime 6ms
2026-08-03T23:10:05.580-06:00  INFO 3056 --- [discovery-service] [a-EvictionTimer] c.n.e.registry.AbstractInstanceRegistry  : Running the evict task with compensationTime 12ms
2026-08-03T23:10:10.581-06:00  INFO 3056 --- [discovery-service] [a-EvictionTimer] c.n.e.registry.AbstractInstanceRegistry  : Running the evict task with compensationTime 1ms
2026-08-03T23:10:15.591-06:00  INFO 3056 --- [discovery-service] [a-EvictionTimer] c.n.e.registry.AbstractInstanceRegistry  : Running the evict task with compensationTime 8ms
2026-08-03T23:10:20.590-06:00  INFO 3056 --- [discovery-service] [a-EvictionTimer] c.n.e.registry.AbstractInstanceRegistry  : Running the evict task with compensationTime 0ms
2026-08-03T23:10:25.602-06:00  INFO 3056 --- [discovery-service] [a-EvictionTimer] c.n.e.registry.AbstractInstanceRegistry  : Running the evict task with compensationTime 12ms
2026-08-03T23:10:30.615-06:00  INFO 3056 --- [discovery-service] [a-EvictionTimer] c.n.e.registry.AbstractInstanceRegistry  : Running the evict task with compensationTime 12ms
2026-08-03T23:10:35.622-06:00  INFO 3056 --- [discovery-service] [a-EvictionTimer] c.n.e.registry.AbstractInstanceRegistry  : Running the evict task with compensationTime 7ms
2026-08-03T23:10:40.625-06:00  INFO 3056 --- [discovery-service] [a-EvictionTimer] c.n.e.registry.AbstractInstanceRegistry  : Running the evict task with compensationTime 3ms
2026-08-03T23:10:45.628-06:00  INFO 3056 --- [discovery-service] [a-EvictionTimer] c.n.e.registry.AbstractInstanceRegistry  : Running the evict task with compensationTime 3ms
2026-08-03T23:10:50.630-06:00  INFO 3056 --- [discovery-service] [a-EvictionTimer] c.n.e.registry.AbstractInstanceRegistry  : Running the evict task with compensationTime 2ms
2026-08-03T23:10:55.640-06:00  INFO 3056 --- [discovery-service] [a-EvictionTimer] c.n.e.registry.AbstractInstanceRegistry  : Running the evict task with compensationTime 9ms
2026-08-03T23:11:00.642-06:00  INFO 3056 --- [discovery-service] [a-EvictionTimer] c.n.e.registry.AbstractInstanceRegistry  : Running the evict task with compensationTime 2ms
2026-08-03T23:11:05.650-06:00  INFO 3056 --- [discovery-service] [a-EvictionTimer] c.n.e.registry.AbstractInstanceRegistry  : Running the evict task with compensationTime 7ms
2026-08-03T23:11:10.653-06:00  INFO 3056 --- [discovery-service] [a-EvictionTimer] c.n.e.registry.AbstractInstanceRegistry  : Running the evict task with compensationTime 3ms
2026-08-03T23:11:14.457-06:00  INFO 3056 --- [discovery-service] [hresholdUpdater] c.n.e.r.PeerAwareInstanceRegistryImpl    : Current renewal threshold is : 5
2026-08-03T23:11:15.666-06:00  INFO 3056 --- [discovery-service] [a-EvictionTimer] c.n.e.registry.AbstractInstanceRegistry  : Running the evict task with compensationTime 11ms
2026-08-03T23:11:20.681-06:00  INFO 3056 --- [discovery-service] [a-EvictionTimer] c.n.e.registry.AbstractInstanceRegistry  : Running the evict task with compensationTime 15ms
2026-08-03T23:11:25.687-06:00  INFO 3056 --- [discovery-service] [a-EvictionTimer] c.n.e.registry.AbstractInstanceRegistry  : Running the evict task with compensationTime 6ms
2026-08-03T23:11:30.695-06:00  INFO 3056 --- [discovery-service] [a-EvictionTimer] c.n.e.registry.AbstractInstanceRegistry  : Running the evict task with compensationTime 8ms
2026-08-03T23:11:35.705-06:00  INFO 3056 --- [discovery-service] [a-EvictionTimer] c.n.e.registry.AbstractInstanceRegistry  : Running the evict task with compensationTime 9ms
2026-08-03T23:11:40.711-06:00  INFO 3056 --- [discovery-service] [a-EvictionTimer] c.n.e.registry.AbstractInstanceRegistry  : Running the evict task with compensationTime 6ms
2026-08-03T23:11:45.724-06:00  INFO 3056 --- [discovery-service] [a-EvictionTimer] c.n.e.registry.AbstractInstanceRegistry  : Running the evict task with compensationTime 12ms
2026-08-03T23:11:50.729-06:00  INFO 3056 --- [discovery-service] [a-EvictionTimer] c.n.e.registry.AbstractInstanceRegistry  : Running the evict task with compensationTime 5ms
2026-08-03T23:11:55.734-06:00  INFO 3056 --- [discovery-service] [a-EvictionTimer] c.n.e.registry.AbstractInstanceRegistry  : Running the evict task with compensationTime 4ms
2026-08-03T23:12:00.740-06:00  INFO 3056 --- [discovery-service] [a-EvictionTimer] c.n.e.registry.AbstractInstanceRegistry  : Running the evict task with compensationTime 5ms
2026-08-03T23:12:05.744-06:00  INFO 3056 --- [discovery-service] [a-EvictionTimer] c.n.e.registry.AbstractInstanceRegistry  : Running the evict task with compensationTime 4ms
2026-08-03T23:12:10.752-06:00  INFO 3056 --- [discovery-service] [a-EvictionTimer] c.n.e.registry.AbstractInstanceRegistry  : Running the evict task with compensationTime 7ms
2026-08-03T23:12:15.757-06:00  INFO 3056 --- [discovery-service] [a-EvictionTimer] c.n.e.registry.AbstractInstanceRegistry  : Running the evict task with compensationTime 4ms
2026-08-03T23:12:20.764-06:00  INFO 3056 --- [discovery-service] [a-EvictionTimer] c.n.e.registry.AbstractInstanceRegistry  : Running the evict task with compensationTime 7ms
2026-08-03T23:12:25.768-06:00  INFO 3056 --- [discovery-service] [a-EvictionTimer] c.n.e.registry.AbstractInstanceRegistry  : Running the evict task with compensationTime 4ms
2026-08-03T23:12:30.778-06:00  INFO 3056 --- [discovery-service] [a-EvictionTimer] c.n.e.registry.AbstractInstanceRegistry  : Running the evict task with compensationTime 11ms
2026-08-03T23:12:35.785-06:00  INFO 3056 --- [discovery-service] [a-EvictionTimer] c.n.e.registry.AbstractInstanceRegistry  : Running the evict task with compensationTime 6ms
2026-08-03T23:12:40.793-06:00  INFO 3056 --- [discovery-service] [a-EvictionTimer] c.n.e.registry.AbstractInstanceRegistry  : Running the evict task with compensationTime 8ms
2026-08-03T23:12:45.801-06:00  INFO 3056 --- [discovery-service] [a-EvictionTimer] c.n.e.registry.AbstractInstanceRegistry  : Running the evict task with compensationTime 7ms
2026-08-03T23:12:50.815-06:00  INFO 3056 --- [discovery-service] [a-EvictionTimer] c.n.e.registry.AbstractInstanceRegistry  : Running the evict task with compensationTime 13ms
2026-08-03T23:12:55.817-06:00  INFO 3056 --- [discovery-service] [a-EvictionTimer] c.n.e.registry.AbstractInstanceRegistry  : Running the evict task with compensationTime 1ms
2026-08-03T23:13:00.824-06:00  INFO 3056 --- [discovery-service] [a-EvictionTimer] c.n.e.registry.AbstractInstanceRegistry  : Running the evict task with compensationTime 7ms
2026-08-03T23:13:05.828-06:00  INFO 3056 --- [discovery-service] [a-EvictionTimer] c.n.e.registry.AbstractInstanceRegistry  : Running the evict task with compensationTime 3ms
2026-08-03T23:13:10.831-06:00  INFO 3056 --- [discovery-service] [a-EvictionTimer] c.n.e.registry.AbstractInstanceRegistry  : Running the evict task with compensationTime 3ms
2026-08-03T23:13:15.838-06:00  INFO 3056 --- [discovery-service] [a-EvictionTimer] c.n.e.registry.AbstractInstanceRegistry  : Running the evict task with compensationTime 6ms
2026-08-03T23:13:20.852-06:00  INFO 3056 --- [discovery-service] [a-EvictionTimer] c.n.e.registry.AbstractInstanceRegistry  : Running the evict task with compensationTime 13ms
2026-08-03T23:13:25.866-06:00  INFO 3056 --- [discovery-service] [a-EvictionTimer] c.n.e.registry.AbstractInstanceRegistry  : Running the evict task with compensationTime 14ms
2026-08-03T23:13:30.871-06:00  INFO 3056 --- [discovery-service] [a-EvictionTimer] c.n.e.registry.AbstractInstanceRegistry  : Running the evict task with compensationTime 4ms
2026-08-03T23:13:35.875-06:00  INFO 3056 --- [discovery-service] [a-EvictionTimer] c.n.e.registry.AbstractInstanceRegistry  : Running the evict task with compensationTime 4ms
2026-08-03T23:13:40.888-06:00  INFO 3056 --- [discovery-service] [a-EvictionTimer] c.n.e.registry.AbstractInstanceRegistry  : Running the evict task with compensationTime 12ms
2026-08-03T23:13:45.902-06:00  INFO 3056 --- [discovery-service] [a-EvictionTimer] c.n.e.registry.AbstractInstanceRegistry  : Running the evict task with compensationTime 14ms
2026-08-03T23:13:50.907-06:00  INFO 3056 --- [discovery-service] [a-EvictionTimer] c.n.e.registry.AbstractInstanceRegistry  : Running the evict task with compensationTime 4ms
2026-08-03T23:13:55.921-06:00  INFO 3056 --- [discovery-service] [a-EvictionTimer] c.n.e.registry.AbstractInstanceRegistry  : Running the evict task with compensationTime 13ms
2026-08-03T23:14:00.927-06:00  INFO 3056 --- [discovery-service] [a-EvictionTimer] c.n.e.registry.AbstractInstanceRegistry  : Running the evict task with compensationTime 6ms
2026-08-03T23:14:05.931-06:00  INFO 3056 --- [discovery-service] [a-EvictionTimer] c.n.e.registry.AbstractInstanceRegistry  : Running the evict task with compensationTime 4ms
2026-08-03T23:14:10.940-06:00  INFO 3056 --- [discovery-service] [a-EvictionTimer] c.n.e.registry.AbstractInstanceRegistry  : Running the evict task with compensationTime 8ms
2026-08-03T23:14:15.945-06:00  INFO 3056 --- [discovery-service] [a-EvictionTimer] c.n.e.registry.AbstractInstanceRegistry  : Running the evict task with compensationTime 5ms
2026-08-03T23:14:20.952-06:00  INFO 3056 --- [discovery-service] [a-EvictionTimer] c.n.e.registry.AbstractInstanceRegistry  : Running the evict task with compensationTime 6ms
2026-08-03T23:14:25.967-06:00  INFO 3056 --- [discovery-service] [a-EvictionTimer] c.n.e.registry.AbstractInstanceRegistry  : Running the evict task with compensationTime 15ms
2026-08-03T23:14:30.970-06:00  INFO 3056 --- [discovery-service] [a-EvictionTimer] c.n.e.registry.AbstractInstanceRegistry  : Running the evict task with compensationTime 3ms
2026-08-03T23:14:35.979-06:00  INFO 3056 --- [discovery-service] [a-EvictionTimer] c.n.e.registry.AbstractInstanceRegistry  : Running the evict task with compensationTime 8ms
2026-08-03T23:14:40.987-06:00  INFO 3056 --- [discovery-service] [a-EvictionTimer] c.n.e.registry.AbstractInstanceRegistry  : Running the evict task with compensationTime 8ms
2026-08-03T23:14:45.998-06:00  INFO 3056 --- [discovery-service] [a-EvictionTimer] c.n.e.registry.AbstractInstanceRegistry  : Running the evict task with compensationTime 11ms
2026-08-03T23:14:51.007-06:00  INFO 3056 --- [discovery-service] [a-EvictionTimer] c.n.e.registry.AbstractInstanceRegistry  : Running the evict task with compensationTime 8ms
2026-08-03T23:14:56.011-06:00  INFO 3056 --- [discovery-service] [a-EvictionTimer] c.n.e.registry.AbstractInstanceRegistry  : Running the evict task with compensationTime 3ms
2026-08-03T23:15:01.016-06:00  INFO 3056 --- [discovery-service] [a-EvictionTimer] c.n.e.registry.AbstractInstanceRegistry  : Running the evict task with compensationTime 5ms
2026-08-03T23:15:06.020-06:00  INFO 3056 --- [discovery-service] [a-EvictionTimer] c.n.e.registry.AbstractInstanceRegistry  : Running the evict task with compensationTime 3ms
2026-08-03T23:15:11.029-06:00  INFO 3056 --- [discovery-service] [a-EvictionTimer] c.n.e.registry.AbstractInstanceRegistry  : Running the evict task with compensationTime 8ms
2026-08-03T23:15:16.042-06:00  INFO 3056 --- [discovery-service] [a-EvictionTimer] c.n.e.registry.AbstractInstanceRegistry  : Running the evict task with compensationTime 13ms
2026-08-03T23:15:21.051-06:00  INFO 3056 --- [discovery-service] [a-EvictionTimer] c.n.e.registry.AbstractInstanceRegistry  : Running the evict task with compensationTime 8ms
2026-08-03T23:15:26.062-06:00  INFO 3056 --- [discovery-service] [a-EvictionTimer] c.n.e.registry.AbstractInstanceRegistry  : Running the evict task with compensationTime 10ms
2026-08-03T23:15:31.068-06:00  INFO 3056 --- [discovery-service] [a-EvictionTimer] c.n.e.registry.AbstractInstanceRegistry  : Running the evict task with compensationTime 5ms
2026-08-03T23:15:36.070-06:00  INFO 3056 --- [discovery-service] [a-EvictionTimer] c.n.e.registry.AbstractInstanceRegistry  : Running the evict task with compensationTime 2ms
2026-08-03T23:15:41.077-06:00  INFO 3056 --- [discovery-service] [a-EvictionTimer] c.n.e.registry.AbstractInstanceRegistry  : Running the evict task with compensationTime 7ms
2026-08-03T23:15:46.087-06:00  INFO 3056 --- [discovery-service] [a-EvictionTimer] c.n.e.registry.AbstractInstanceRegistry  : Running the evict task with compensationTime 9ms
2026-08-03T23:15:51.088-06:00  INFO 3056 --- [discovery-service] [a-EvictionTimer] c.n.e.registry.AbstractInstanceRegistry  : Running the evict task with compensationTime 0ms
2026-08-03T23:15:56.095-06:00  INFO 3056 --- [discovery-service] [a-EvictionTimer] c.n.e.registry.AbstractInstanceRegistry  : Running the evict task with compensationTime 7ms
2026-08-03T23:16:01.098-06:00  INFO 3056 --- [discovery-service] [a-EvictionTimer] c.n.e.registry.AbstractInstanceRegistry  : Running the evict task with compensationTime 2ms
2026-08-03T23:16:06.103-06:00  INFO 3056 --- [discovery-service] [a-EvictionTimer] c.n.e.registry.AbstractInstanceRegistry  : Running the evict task with compensationTime 5ms
2026-08-03T23:16:11.115-06:00  INFO 3056 --- [discovery-service] [a-EvictionTimer] c.n.e.registry.AbstractInstanceRegistry  : Running the evict task with compensationTime 11ms
2026-08-03T23:16:14.490-06:00  WARN 3056 --- [discovery-service] [eerNodesUpdater] c.n.eureka.cluster.PeerEurekaNodes       : The replica size seems to be empty. Check the route 53 DNS Registry
2026-08-03T23:16:16.121-06:00  INFO 3056 --- [discovery-service] [a-EvictionTimer] c.n.e.registry.AbstractInstanceRegistry  : Running the evict task with compensationTime 6ms
2026-08-03T23:16:21.127-06:00  INFO 3056 --- [discovery-service] [a-EvictionTimer] c.n.e.registry.AbstractInstanceRegistry  : Running the evict task with compensationTime 5ms
2026-08-03T23:16:26.138-06:00  INFO 3056 --- [discovery-service] [a-EvictionTimer] c.n.e.registry.AbstractInstanceRegistry  : Running the evict task with compensationTime 12ms
2026-08-03T23:16:31.151-06:00  INFO 3056 --- [discovery-service] [a-EvictionTimer] c.n.e.registry.AbstractInstanceRegistry  : Running the evict task with compensationTime 11ms
2026-08-03T23:16:36.164-06:00  INFO 3056 --- [discovery-service] [a-EvictionTimer] c.n.e.registry.AbstractInstanceRegistry  : Running the evict task with compensationTime 12ms
2026-08-03T23:16:41.171-06:00  INFO 3056 --- [discovery-service] [a-EvictionTimer] c.n.e.registry.AbstractInstanceRegistry  : Running the evict task with compensationTime 7ms
2026-08-03T23:16:46.185-06:00  INFO 3056 --- [discovery-service] [a-EvictionTimer] c.n.e.registry.AbstractInstanceRegistry  : Running the evict task with compensationTime 14ms
2026-08-03T23:16:51.192-06:00  INFO 3056 --- [discovery-service] [a-EvictionTimer] c.n.e.registry.AbstractInstanceRegistry  : Running the evict task with compensationTime 6ms
2026-08-03T23:16:56.207-06:00  INFO 3056 --- [discovery-service] [a-EvictionTimer] c.n.e.registry.AbstractInstanceRegistry  : Running the evict task with compensationTime 14ms
2026-08-03T23:17:01.218-06:00  INFO 3056 --- [discovery-service] [a-EvictionTimer] c.n.e.registry.AbstractInstanceRegistry  : Running the evict task with compensationTime 10ms
2026-08-03T23:17:06.221-06:00  INFO 3056 --- [discovery-service] [a-EvictionTimer] c.n.e.registry.AbstractInstanceRegistry  : Running the evict task with compensationTime 3ms
2026-08-03T23:17:11.222-06:00  INFO 3056 --- [discovery-service] [a-EvictionTimer] c.n.e.registry.AbstractInstanceRegistry  : Running the evict task with compensationTime 1ms
2026-08-03T23:17:16.232-06:00  INFO 3056 --- [discovery-service] [a-EvictionTimer] c.n.e.registry.AbstractInstanceRegistry  : Running the evict task with compensationTime 10ms
2026-08-03T23:17:21.239-06:00  INFO 3056 --- [discovery-service] [a-EvictionTimer] c.n.e.registry.AbstractInstanceRegistry  : Running the evict task with compensationTime 5ms
2026-08-03T23:17:26.243-06:00  INFO 3056 --- [discovery-service] [a-EvictionTimer] c.n.e.registry.AbstractInstanceRegistry  : Running the evict task with compensationTime 3ms
2026-08-03T23:17:31.249-06:00  INFO 3056 --- [discovery-service] [a-EvictionTimer] c.n.e.registry.AbstractInstanceRegistry  : Running the evict task with compensationTime 6ms
2026-08-03T23:17:36.262-06:00  INFO 3056 --- [discovery-service] [a-EvictionTimer] c.n.e.registry.AbstractInstanceRegistry  : Running the evict task with compensationTime 13ms
2026-08-03T23:17:41.264-06:00  INFO 3056 --- [discovery-service] [a-EvictionTimer] c.n.e.registry.AbstractInstanceRegistry  : Running the evict task with compensationTime 1ms
2026-08-03T23:17:46.266-06:00  INFO 3056 --- [discovery-service] [a-EvictionTimer] c.n.e.registry.AbstractInstanceRegistry  : Running the evict task with compensationTime 2ms
2026-08-03T23:17:51.280-06:00  INFO 3056 --- [discovery-service] [a-EvictionTimer] c.n.e.registry.AbstractInstanceRegistry  : Running the evict task with compensationTime 15ms
2026-08-03T23:17:56.289-06:00  INFO 3056 --- [discovery-service] [a-EvictionTimer] c.n.e.registry.AbstractInstanceRegistry  : Running the evict task with compensationTime 8ms
2026-08-03T23:18:01.289-06:00  INFO 3056 --- [discovery-service] [a-EvictionTimer] c.n.e.registry.AbstractInstanceRegistry  : Running the evict task with compensationTime 0ms
2026-08-03T23:18:06.297-06:00  INFO 3056 --- [discovery-service] [a-EvictionTimer] c.n.e.registry.AbstractInstanceRegistry  : Running the evict task with compensationTime 8ms
2026-08-03T23:18:11.309-06:00  INFO 3056 --- [discovery-service] [a-EvictionTimer] c.n.e.registry.AbstractInstanceRegistry  : Running the evict task with compensationTime 12ms
2026-08-03T23:18:16.315-06:00  INFO 3056 --- [discovery-service] [a-EvictionTimer] c.n.e.registry.AbstractInstanceRegistry  : Running the evict task with compensationTime 6ms
2026-08-03T23:18:21.330-06:00  INFO 3056 --- [discovery-service] [a-EvictionTimer] c.n.e.registry.AbstractInstanceRegistry  : Running the evict task with compensationTime 14ms
2026-08-03T23:18:26.331-06:00  INFO 3056 --- [discovery-service] [a-EvictionTimer] c.n.e.registry.AbstractInstanceRegistry  : Running the evict task with compensationTime 0ms
2026-08-03T23:18:31.337-06:00  INFO 3056 --- [discovery-service] [a-EvictionTimer] c.n.e.registry.AbstractInstanceRegistry  : Running the evict task with compensationTime 6ms
2026-08-03T23:18:36.352-06:00  INFO 3056 --- [discovery-service] [a-EvictionTimer] c.n.e.registry.AbstractInstanceRegistry  : Running the evict task with compensationTime 14ms
2026-08-03T23:18:41.364-06:00  INFO 3056 --- [discovery-service] [a-EvictionTimer] c.n.e.registry.AbstractInstanceRegistry  : Running the evict task with compensationTime 11ms
2026-08-03T23:18:46.375-06:00  INFO 3056 --- [discovery-service] [a-EvictionTimer] c.n.e.registry.AbstractInstanceRegistry  : Running the evict task with compensationTime 11ms
2026-08-03T23:18:51.379-06:00  INFO 3056 --- [discovery-service] [a-EvictionTimer] c.n.e.registry.AbstractInstanceRegistry  : Running the evict task with compensationTime 4ms
2026-08-03T23:18:56.384-06:00  INFO 3056 --- [discovery-service] [a-EvictionTimer] c.n.e.registry.AbstractInstanceRegistry  : Running the evict task with compensationTime 4ms
2026-08-03T23:19:01.385-06:00  INFO 3056 --- [discovery-service] [a-EvictionTimer] c.n.e.registry.AbstractInstanceRegistry  : Running the evict task with compensationTime 1ms
2026-08-03T23:19:06.394-06:00  INFO 3056 --- [discovery-service] [a-EvictionTimer] c.n.e.registry.AbstractInstanceRegistry  : Running the evict task with compensationTime 9ms
2026-08-03T23:19:11.408-06:00  INFO 3056 --- [discovery-service] [a-EvictionTimer] c.n.e.registry.AbstractInstanceRegistry  : Running the evict task with compensationTime 13ms
2026-08-03T23:19:16.418-06:00  INFO 3056 --- [discovery-service] [a-EvictionTimer] c.n.e.registry.AbstractInstanceRegistry  : Running the evict task with compensationTime 9ms
2026-08-03T23:19:21.424-06:00  INFO 3056 --- [discovery-service] [a-EvictionTimer] c.n.e.registry.AbstractInstanceRegistry  : Running the evict task with compensationTime 5ms
2026-08-03T23:19:26.426-06:00  INFO 3056 --- [discovery-service] [a-EvictionTimer] c.n.e.registry.AbstractInstanceRegistry  : Running the evict task with compensationTime 2ms
2026-08-03T23:19:31.429-06:00  INFO 3056 --- [discovery-service] [a-EvictionTimer] c.n.e.registry.AbstractInstanceRegistry  : Running the evict task with compensationTime 2ms
2026-08-03T23:19:36.442-06:00  INFO 3056 --- [discovery-service] [a-EvictionTimer] c.n.e.registry.AbstractInstanceRegistry  : Running the evict task with compensationTime 12ms
2026-08-03T23:19:41.444-06:00  INFO 3056 --- [discovery-service] [a-EvictionTimer] c.n.e.registry.AbstractInstanceRegistry  : Running the evict task with compensationTime 2ms
2026-08-03T23:19:46.454-06:00  INFO 3056 --- [discovery-service] [a-EvictionTimer] c.n.e.registry.AbstractInstanceRegistry  : Running the evict task with compensationTime 10ms
2026-08-03T23:19:51.464-06:00  INFO 3056 --- [discovery-service] [a-EvictionTimer] c.n.e.registry.AbstractInstanceRegistry  : Running the evict task with compensationTime 9ms
2026-08-03T23:19:56.476-06:00  INFO 3056 --- [discovery-service] [a-EvictionTimer] c.n.e.registry.AbstractInstanceRegistry  : Running the evict task with compensationTime 12ms
2026-08-03T23:20:01.482-06:00  INFO 3056 --- [discovery-service] [a-EvictionTimer] c.n.e.registry.AbstractInstanceRegistry  : Running the evict task with compensationTime 6ms
2026-08-03T23:20:06.498-06:00  INFO 3056 --- [discovery-service] [a-EvictionTimer] c.n.e.registry.AbstractInstanceRegistry  : Running the evict task with compensationTime 15ms
2026-08-03T23:20:11.505-06:00  INFO 3056 --- [discovery-service] [a-EvictionTimer] c.n.e.registry.AbstractInstanceRegistry  : Running the evict task with compensationTime 6ms
2026-08-03T23:20:16.506-06:00  INFO 3056 --- [discovery-service] [a-EvictionTimer] c.n.e.registry.AbstractInstanceRegistry  : Running the evict task with compensationTime 1ms
2026-08-03T23:20:21.512-06:00  INFO 3056 --- [discovery-service] [a-EvictionTimer] c.n.e.registry.AbstractInstanceRegistry  : Running the evict task with compensationTime 6ms
2026-08-03T23:20:26.526-06:00  INFO 3056 --- [discovery-service] [a-EvictionTimer] c.n.e.registry.AbstractInstanceRegistry  : Running the evict task with compensationTime 13ms
2026-08-03T23:20:31.540-06:00  INFO 3056 --- [discovery-service] [a-EvictionTimer] c.n.e.registry.AbstractInstanceRegistry  : Running the evict task with compensationTime 13ms
2026-08-03T23:20:36.544-06:00  INFO 3056 --- [discovery-service] [a-EvictionTimer] c.n.e.registry.AbstractInstanceRegistry  : Running the evict task with compensationTime 4ms
2026-08-03T23:20:41.548-06:00  INFO 3056 --- [discovery-service] [a-EvictionTimer] c.n.e.registry.AbstractInstanceRegistry  : Running the evict task with compensationTime 3ms
2026-08-03T23:20:46.561-06:00  INFO 3056 --- [discovery-service] [a-EvictionTimer] c.n.e.registry.AbstractInstanceRegistry  : Running the evict task with compensationTime 13ms
2026-08-03T23:20:51.574-06:00  INFO 3056 --- [discovery-service] [a-EvictionTimer] c.n.e.registry.AbstractInstanceRegistry  : Running the evict task with compensationTime 12ms
2026-08-03T23:20:56.587-06:00  INFO 3056 --- [discovery-service] [a-EvictionTimer] c.n.e.registry.AbstractInstanceRegistry  : Running the evict task with compensationTime 14ms
2026-08-03T23:21:01.587-06:00  INFO 3056 --- [discovery-service] [a-EvictionTimer] c.n.e.registry.AbstractInstanceRegistry  : Running the evict task with compensationTime 0ms
2026-08-03T23:21:06.593-06:00  INFO 3056 --- [discovery-service] [a-EvictionTimer] c.n.e.registry.AbstractInstanceRegistry  : Running the evict task with compensationTime 7ms
2026-08-03T23:21:11.600-06:00  INFO 3056 --- [discovery-service] [a-EvictionTimer] c.n.e.registry.AbstractInstanceRegistry  : Running the evict task with compensationTime 6ms
2026-08-03T23:21:16.609-06:00  INFO 3056 --- [discovery-service] [a-EvictionTimer] c.n.e.registry.AbstractInstanceRegistry  : Running the evict task with compensationTime 9ms
2026-08-03T23:21:21.621-06:00  INFO 3056 --- [discovery-service] [a-EvictionTimer] c.n.e.registry.AbstractInstanceRegistry  : Running the evict task with compensationTime 11ms
2026-08-03T23:21:26.631-06:00  INFO 3056 --- [discovery-service] [a-EvictionTimer] c.n.e.registry.AbstractInstanceRegistry  : Running the evict task with compensationTime 10ms
2026-08-03T23:21:31.643-06:00  INFO 3056 --- [discovery-service] [a-EvictionTimer] c.n.e.registry.AbstractInstanceRegistry  : Running the evict task with compensationTime 11ms
2026-08-03T23:21:36.650-06:00  INFO 3056 --- [discovery-service] [a-EvictionTimer] c.n.e.registry.AbstractInstanceRegistry  : Running the evict task with compensationTime 7ms
2026-08-03T23:21:41.652-06:00  INFO 3056 --- [discovery-service] [a-EvictionTimer] c.n.e.registry.AbstractInstanceRegistry  : Running the evict task with compensationTime 2ms
2026-08-03T23:21:46.660-06:00  INFO 3056 --- [discovery-service] [a-EvictionTimer] c.n.e.registry.AbstractInstanceRegistry  : Running the evict task with compensationTime 7ms
2026-08-03T23:21:51.662-06:00  INFO 3056 --- [discovery-service] [a-EvictionTimer] c.n.e.registry.AbstractInstanceRegistry  : Running the evict task with compensationTime 1ms
2026-08-03T23:21:56.663-06:00  INFO 3056 --- [discovery-service] [a-EvictionTimer] c.n.e.registry.AbstractInstanceRegistry  : Running the evict task with compensationTime 0ms
2026-08-03T23:22:01.667-06:00  INFO 3056 --- [discovery-service] [a-EvictionTimer] c.n.e.registry.AbstractInstanceRegistry  : Running the evict task with compensationTime 4ms
2026-08-03T23:22:06.681-06:00  INFO 3056 --- [discovery-service] [a-EvictionTimer] c.n.e.registry.AbstractInstanceRegistry  : Running the evict task with compensationTime 13ms
2026-08-03T23:22:11.693-06:00  INFO 3056 --- [discovery-service] [a-EvictionTimer] c.n.e.registry.AbstractInstanceRegistry  : Running the evict task with compensationTime 11ms
2026-08-03T23:22:16.701-06:00  INFO 3056 --- [discovery-service] [a-EvictionTimer] c.n.e.registry.AbstractInstanceRegistry  : Running the evict task with compensationTime 8ms
2026-08-03T23:22:21.709-06:00  INFO 3056 --- [discovery-service] [a-EvictionTimer] c.n.e.registry.AbstractInstanceRegistry  : Running the evict task with compensationTime 7ms
2026-08-03T23:22:26.716-06:00  INFO 3056 --- [discovery-service] [a-EvictionTimer] c.n.e.registry.AbstractInstanceRegistry  : Running the evict task with compensationTime 7ms
2026-08-03T23:22:31.725-06:00  INFO 3056 --- [discovery-service] [a-EvictionTimer] c.n.e.registry.AbstractInstanceRegistry  : Running the evict task with compensationTime 8ms
2026-08-03T23:22:36.736-06:00  INFO 3056 --- [discovery-service] [a-EvictionTimer] c.n.e.registry.AbstractInstanceRegistry  : Running the evict task with compensationTime 11ms
2026-08-03T23:22:41.739-06:00  INFO 3056 --- [discovery-service] [a-EvictionTimer] c.n.e.registry.AbstractInstanceRegistry  : Running the evict task with compensationTime 2ms
2026-08-03T23:22:46.743-06:00  INFO 3056 --- [discovery-service] [a-EvictionTimer] c.n.e.registry.AbstractInstanceRegistry  : Running the evict task with compensationTime 4ms
2026-08-03T23:22:51.753-06:00  INFO 3056 --- [discovery-service] [a-EvictionTimer] c.n.e.registry.AbstractInstanceRegistry  : Running the evict task with compensationTime 10ms
2026-08-03T23:22:56.756-06:00  INFO 3056 --- [discovery-service] [a-EvictionTimer] c.n.e.registry.AbstractInstanceRegistry  : Running the evict task with compensationTime 2ms
2026-08-03T23:23:01.760-06:00  INFO 3056 --- [discovery-service] [a-EvictionTimer] c.n.e.registry.AbstractInstanceRegistry  : Running the evict task with compensationTime 3ms
2026-08-03T23:23:06.766-06:00  INFO 3056 --- [discovery-service] [a-EvictionTimer] c.n.e.registry.AbstractInstanceRegistry  : Running the evict task with compensationTime 5ms
2026-08-03T23:23:11.771-06:00  INFO 3056 --- [discovery-service] [a-EvictionTimer] c.n.e.registry.AbstractInstanceRegistry  : Running the evict task with compensationTime 4ms
2026-08-03T23:23:16.785-06:00  INFO 3056 --- [discovery-service] [a-EvictionTimer] c.n.e.registry.AbstractInstanceRegistry  : Running the evict task with compensationTime 14ms
2026-08-03T23:23:21.797-06:00  INFO 3056 --- [discovery-service] [a-EvictionTimer] c.n.e.registry.AbstractInstanceRegistry  : Running the evict task with compensationTime 12ms
2026-08-03T23:23:26.798-06:00  INFO 3056 --- [discovery-service] [a-EvictionTimer] c.n.e.registry.AbstractInstanceRegistry  : Running the evict task with compensationTime 0ms
2026-08-03T23:23:31.807-06:00  INFO 3056 --- [discovery-service] [a-EvictionTimer] c.n.e.registry.AbstractInstanceRegistry  : Running the evict task with compensationTime 9ms
2026-08-03T23:23:36.821-06:00  INFO 3056 --- [discovery-service] [a-EvictionTimer] c.n.e.registry.AbstractInstanceRegistry  : Running the evict task with compensationTime 14ms
2026-08-03T23:23:41.828-06:00  INFO 3056 --- [discovery-service] [a-EvictionTimer] c.n.e.registry.AbstractInstanceRegistry  : Running the evict task with compensationTime 6ms
2026-08-03T23:23:46.831-06:00  INFO 3056 --- [discovery-service] [a-EvictionTimer] c.n.e.registry.AbstractInstanceRegistry  : Running the evict task with compensationTime 2ms
2026-08-03T23:23:51.832-06:00  INFO 3056 --- [discovery-service] [a-EvictionTimer] c.n.e.registry.AbstractInstanceRegistry  : Running the evict task with compensationTime 0ms
2026-08-03T23:23:56.847-06:00  INFO 3056 --- [discovery-service] [a-EvictionTimer] c.n.e.registry.AbstractInstanceRegistry  : Running the evict task with compensationTime 15ms
2026-08-03T23:24:01.861-06:00  INFO 3056 --- [discovery-service] [a-EvictionTimer] c.n.e.registry.AbstractInstanceRegistry  : Running the evict task with compensationTime 14ms
2026-08-03T23:24:06.869-06:00  INFO 3056 --- [discovery-service] [a-EvictionTimer] c.n.e.registry.AbstractInstanceRegistry  : Running the evict task with compensationTime 8ms
2026-08-03T23:24:11.872-06:00  INFO 3056 --- [discovery-service] [a-EvictionTimer] c.n.e.registry.AbstractInstanceRegistry  : Running the evict task with compensationTime 2ms
2026-08-03T23:24:16.878-06:00  INFO 3056 --- [discovery-service] [a-EvictionTimer] c.n.e.registry.AbstractInstanceRegistry  : Running the evict task with compensationTime 5ms
2026-08-03T23:24:21.879-06:00  INFO 3056 --- [discovery-service] [a-EvictionTimer] c.n.e.registry.AbstractInstanceRegistry  : Running the evict task with compensationTime 1ms
2026-08-03T23:24:26.889-06:00  INFO 3056 --- [discovery-service] [a-EvictionTimer] c.n.e.registry.AbstractInstanceRegistry  : Running the evict task with compensationTime 9ms
2026-08-03T23:24:31.898-06:00  INFO 3056 --- [discovery-service] [a-EvictionTimer] c.n.e.registry.AbstractInstanceRegistry  : Running the evict task with compensationTime 9ms
2026-08-03T23:24:36.910-06:00  INFO 3056 --- [discovery-service] [a-EvictionTimer] c.n.e.registry.AbstractInstanceRegistry  : Running the evict task with compensationTime 11ms
2026-08-03T23:24:41.920-06:00  INFO 3056 --- [discovery-service] [a-EvictionTimer] c.n.e.registry.AbstractInstanceRegistry  : Running the evict task with compensationTime 10ms
2026-08-03T23:24:46.933-06:00  INFO 3056 --- [discovery-service] [a-EvictionTimer] c.n.e.registry.AbstractInstanceRegistry  : Running the evict task with compensationTime 12ms
2026-08-03T23:24:51.934-06:00  INFO 3056 --- [discovery-service] [a-EvictionTimer] c.n.e.registry.AbstractInstanceRegistry  : Running the evict task with compensationTime 1ms
2026-08-03T23:24:56.934-06:00  INFO 3056 --- [discovery-service] [a-EvictionTimer] c.n.e.registry.AbstractInstanceRegistry  : Running the evict task with compensationTime 0ms
2026-08-03T23:25:01.934-06:00  INFO 3056 --- [discovery-service] [a-EvictionTimer] c.n.e.registry.AbstractInstanceRegistry  : Running the evict task with compensationTime 0ms
2026-08-03T23:25:06.935-06:00  INFO 3056 --- [discovery-service] [a-EvictionTimer] c.n.e.registry.AbstractInstanceRegistry  : Running the evict task with compensationTime 0ms
2026-08-03T23:25:11.936-06:00  INFO 3056 --- [discovery-service] [a-EvictionTimer] c.n.e.registry.AbstractInstanceRegistry  : Running the evict task with compensationTime 0ms
2026-08-03T23:25:16.936-06:00  INFO 3056 --- [discovery-service] [a-EvictionTimer] c.n.e.registry.AbstractInstanceRegistry  : Running the evict task with compensationTime 0ms
2026-08-03T23:25:21.936-06:00  INFO 3056 --- [discovery-service] [a-EvictionTimer] c.n.e.registry.AbstractInstanceRegistry  : Running the evict task with compensationTime 0ms
2026-08-03T23:25:26.936-06:00  INFO 3056 --- [discovery-service] [a-EvictionTimer] c.n.e.registry.AbstractInstanceRegistry  : Running the evict task with compensationTime 0ms
2026-08-03T23:25:31.937-06:00  INFO 3056 --- [discovery-service] [a-EvictionTimer] c.n.e.registry.AbstractInstanceRegistry  : Running the evict task with compensationTime 0ms
2026-08-03T23:25:36.938-06:00  INFO 3056 --- [discovery-service] [a-EvictionTimer] c.n.e.registry.AbstractInstanceRegistry  : Running the evict task with compensationTime 1ms
2026-08-03T23:25:41.938-06:00  INFO 3056 --- [discovery-service] [a-EvictionTimer] c.n.e.registry.AbstractInstanceRegistry  : Running the evict task with compensationTime 0ms
2026-08-03T23:25:46.939-06:00  INFO 3056 --- [discovery-service] [a-EvictionTimer] c.n.e.registry.AbstractInstanceRegistry  : Running the evict task with compensationTime 1ms
2026-08-03T23:25:51.940-06:00  INFO 3056 --- [discovery-service] [a-EvictionTimer] c.n.e.registry.AbstractInstanceRegistry  : Running the evict task with compensationTime 1ms
2026-08-03T23:25:56.941-06:00  INFO 3056 --- [discovery-service] [a-EvictionTimer] c.n.e.registry.AbstractInstanceRegistry  : Running the evict task with compensationTime 0ms
2026-08-03T23:26:01.941-06:00  INFO 3056 --- [discovery-service] [a-EvictionTimer] c.n.e.registry.AbstractInstanceRegistry  : Running the evict task with compensationTime 0ms
2026-08-03T23:26:06.941-06:00  INFO 3056 --- [discovery-service] [a-EvictionTimer] c.n.e.registry.AbstractInstanceRegistry  : Running the evict task with compensationTime 0ms
2026-08-03T23:26:11.942-06:00  INFO 3056 --- [discovery-service] [a-EvictionTimer] c.n.e.registry.AbstractInstanceRegistry  : Running the evict task with compensationTime 0ms
2026-08-03T23:26:14.469-06:00  INFO 3056 --- [discovery-service] [hresholdUpdater] c.n.e.r.PeerAwareInstanceRegistryImpl    : Current renewal threshold is : 5
2026-08-03T23:26:14.501-06:00  WARN 3056 --- [discovery-service] [eerNodesUpdater] c.n.eureka.cluster.PeerEurekaNodes       : The replica size seems to be empty. Check the route 53 DNS Registry
2026-08-03T23:26:16.943-06:00  INFO 3056 --- [discovery-service] [a-EvictionTimer] c.n.e.registry.AbstractInstanceRegistry  : Running the evict task with compensationTime 0ms
2026-08-03T23:26:21.944-06:00  INFO 3056 --- [discovery-service] [a-EvictionTimer] c.n.e.registry.AbstractInstanceRegistry  : Running the evict task with compensationTime 0ms
2026-08-03T23:26:26.945-06:00  INFO 3056 --- [discovery-service] [a-EvictionTimer] c.n.e.registry.AbstractInstanceRegistry  : Running the evict task with compensationTime 1ms
2026-08-03T23:26:31.946-06:00  INFO 3056 --- [discovery-service] [a-EvictionTimer] c.n.e.registry.AbstractInstanceRegistry  : Running the evict task with compensationTime 1ms
2026-08-03T23:26:36.946-06:00  INFO 3056 --- [discovery-service] [a-EvictionTimer] c.n.e.registry.AbstractInstanceRegistry  : Running the evict task with compensationTime 0ms
2026-08-03T23:26:41.946-06:00  INFO 3056 --- [discovery-service] [a-EvictionTimer] c.n.e.registry.AbstractInstanceRegistry  : Running the evict task with compensationTime 0ms
2026-08-03T23:26:46.947-06:00  INFO 3056 --- [discovery-service] [a-EvictionTimer] c.n.e.registry.AbstractInstanceRegistry  : Running the evict task with compensationTime 0ms
2026-08-03T23:26:51.947-06:00  INFO 3056 --- [discovery-service] [a-EvictionTimer] c.n.e.registry.AbstractInstanceRegistry  : Running the evict task with compensationTime 0ms
2026-08-03T23:26:56.948-06:00  INFO 3056 --- [discovery-service] [a-EvictionTimer] c.n.e.registry.AbstractInstanceRegistry  : Running the evict task with compensationTime 0ms
2026-08-03T23:27:01.948-06:00  INFO 3056 --- [discovery-service] [a-EvictionTimer] c.n.e.registry.AbstractInstanceRegistry  : Running the evict task with compensationTime 0ms
2026-08-03T23:27:06.949-06:00  INFO 3056 --- [discovery-service] [a-EvictionTimer] c.n.e.registry.AbstractInstanceRegistry  : Running the evict task with compensationTime 0ms
2026-08-03T23:27:11.949-06:00  INFO 3056 --- [discovery-service] [a-EvictionTimer] c.n.e.registry.AbstractInstanceRegistry  : Running the evict task with compensationTime 0ms
2026-08-03T23:27:16.949-06:00  INFO 3056 --- [discovery-service] [a-EvictionTimer] c.n.e.registry.AbstractInstanceRegistry  : Running the evict task with compensationTime 0ms
2026-08-03T23:27:21.950-06:00  INFO 3056 --- [discovery-service] [a-EvictionTimer] c.n.e.registry.AbstractInstanceRegistry  : Running the evict task with compensationTime 1ms
2026-08-03T23:27:26.950-06:00  INFO 3056 --- [discovery-service] [a-EvictionTimer] c.n.e.registry.AbstractInstanceRegistry  : Running the evict task with compensationTime 0ms
2026-08-03T23:27:31.950-06:00  INFO 3056 --- [discovery-service] [a-EvictionTimer] c.n.e.registry.AbstractInstanceRegistry  : Running the evict task with compensationTime 0ms
2026-08-03T23:27:36.950-06:00  INFO 3056 --- [discovery-service] [a-EvictionTimer] c.n.e.registry.AbstractInstanceRegistry  : Running the evict task with compensationTime 0ms
2026-08-03T23:27:41.951-06:00  INFO 3056 --- [discovery-service] [a-EvictionTimer] c.n.e.registry.AbstractInstanceRegistry  : Running the evict task with compensationTime 0ms
2026-08-03T23:27:46.952-06:00  INFO 3056 --- [discovery-service] [a-EvictionTimer] c.n.e.registry.AbstractInstanceRegistry  : Running the evict task with compensationTime 1ms
2026-08-03T23:27:51.952-06:00  INFO 3056 --- [discovery-service] [a-EvictionTimer] c.n.e.registry.AbstractInstanceRegistry  : Running the evict task with compensationTime 0ms
2026-08-03T23:27:56.952-06:00  INFO 3056 --- [discovery-service] [a-EvictionTimer] c.n.e.registry.AbstractInstanceRegistry  : Running the evict task with compensationTime 0ms
2026-08-03T23:28:01.953-06:00  INFO 3056 --- [discovery-service] [a-EvictionTimer] c.n.e.registry.AbstractInstanceRegistry  : Running the evict task with compensationTime 0ms
2026-08-03T23:28:06.953-06:00  INFO 3056 --- [discovery-service] [a-EvictionTimer] c.n.e.registry.AbstractInstanceRegistry  : Running the evict task with compensationTime 0ms
2026-08-03T23:28:11.953-06:00  INFO 3056 --- [discovery-service] [a-EvictionTimer] c.n.e.registry.AbstractInstanceRegistry  : Running the evict task with compensationTime 0ms
2026-08-03T23:28:16.954-06:00  INFO 3056 --- [discovery-service] [a-EvictionTimer] c.n.e.registry.AbstractInstanceRegistry  : Running the evict task with compensationTime 0ms
2026-08-03T23:28:21.955-06:00  INFO 3056 --- [discovery-service] [a-EvictionTimer] c.n.e.registry.AbstractInstanceRegistry  : Running the evict task with compensationTime 1ms
2026-08-03T23:28:26.956-06:00  INFO 3056 --- [discovery-service] [a-EvictionTimer] c.n.e.registry.AbstractInstanceRegistry  : Running the evict task with compensationTime 0ms
2026-08-03T23:28:31.957-06:00  INFO 3056 --- [discovery-service] [a-EvictionTimer] c.n.e.registry.AbstractInstanceRegistry  : Running the evict task with compensationTime 1ms
2026-08-03T23:28:36.957-06:00  INFO 3056 --- [discovery-service] [a-EvictionTimer] c.n.e.registry.AbstractInstanceRegistry  : Running the evict task with compensationTime 0ms
2026-08-03T23:28:41.958-06:00  INFO 3056 --- [discovery-service] [a-EvictionTimer] c.n.e.registry.AbstractInstanceRegistry  : Running the evict task with compensationTime 0ms
2026-08-03T23:28:46.959-06:00  INFO 3056 --- [discovery-service] [a-EvictionTimer] c.n.e.registry.AbstractInstanceRegistry  : Running the evict task with compensationTime 1ms
2026-08-03T23:28:51.960-06:00  INFO 3056 --- [discovery-service] [a-EvictionTimer] c.n.e.registry.AbstractInstanceRegistry  : Running the evict task with compensationTime 0ms
2026-08-03T23:28:56.961-06:00  INFO 3056 --- [discovery-service] [a-EvictionTimer] c.n.e.registry.AbstractInstanceRegistry  : Running the evict task with compensationTime 1ms
2026-08-03T23:29:01.961-06:00  INFO 3056 --- [discovery-service] [a-EvictionTimer] c.n.e.registry.AbstractInstanceRegistry  : Running the evict task with compensationTime 0ms
2026-08-03T23:29:06.963-06:00  INFO 3056 --- [discovery-service] [a-EvictionTimer] c.n.e.registry.AbstractInstanceRegistry  : Running the evict task with compensationTime 1ms
2026-08-03T23:29:11.964-06:00  INFO 3056 --- [discovery-service] [a-EvictionTimer] c.n.e.registry.AbstractInstanceRegistry  : Running the evict task with compensationTime 0ms
2026-08-03T23:29:16.965-06:00  INFO 3056 --- [discovery-service] [a-EvictionTimer] c.n.e.registry.AbstractInstanceRegistry  : Running the evict task with compensationTime 1ms
2026-08-03T23:29:21.965-06:00  INFO 3056 --- [discovery-service] [a-EvictionTimer] c.n.e.registry.AbstractInstanceRegistry  : Running the evict task with compensationTime 0ms
2026-08-03T23:29:26.965-06:00  INFO 3056 --- [discovery-service] [a-EvictionTimer] c.n.e.registry.AbstractInstanceRegistry  : Running the evict task with compensationTime 0ms
2026-08-03T23:29:31.965-06:00  INFO 3056 --- [discovery-service] [a-EvictionTimer] c.n.e.registry.AbstractInstanceRegistry  : Running the evict task with compensationTime 0ms
2026-08-03T23:29:36.966-06:00  INFO 3056 --- [discovery-service] [a-EvictionTimer] c.n.e.registry.AbstractInstanceRegistry  : Running the evict task with compensationTime 0ms
2026-08-03T23:29:41.967-06:00  INFO 3056 --- [discovery-service] [a-EvictionTimer] c.n.e.registry.AbstractInstanceRegistry  : Running the evict task with compensationTime 1ms
2026-08-03T23:29:46.968-06:00  INFO 3056 --- [discovery-service] [a-EvictionTimer] c.n.e.registry.AbstractInstanceRegistry  : Running the evict task with compensationTime 1ms
2026-08-03T23:29:51.968-06:00  INFO 3056 --- [discovery-service] [a-EvictionTimer] c.n.e.registry.AbstractInstanceRegistry  : Running the evict task with compensationTime 0ms
2026-08-03T23:29:56.969-06:00  INFO 3056 --- [discovery-service] [a-EvictionTimer] c.n.e.registry.AbstractInstanceRegistry  : Running the evict task with compensationTime 1ms
2026-08-03T23:30:01.969-06:00  INFO 3056 --- [discovery-service] [a-EvictionTimer] c.n.e.registry.AbstractInstanceRegistry  : Running the evict task with compensationTime 0ms
2026-08-03T23:30:06.969-06:00  INFO 3056 --- [discovery-service] [a-EvictionTimer] c.n.e.registry.AbstractInstanceRegistry  : Running the evict task with compensationTime 0ms
2026-08-03T23:30:11.970-06:00  INFO 3056 --- [discovery-service] [a-EvictionTimer] c.n.e.registry.AbstractInstanceRegistry  : Running the evict task with compensationTime 0ms
2026-08-03T23:30:16.971-06:00  INFO 3056 --- [discovery-service] [a-EvictionTimer] c.n.e.registry.AbstractInstanceRegistry  : Running the evict task with compensationTime 0ms
2026-08-03T23:30:21.971-06:00  INFO 3056 --- [discovery-service] [a-EvictionTimer] c.n.e.registry.AbstractInstanceRegistry  : Running the evict task with compensationTime 0ms
2026-08-03T23:30:26.972-06:00  INFO 3056 --- [discovery-service] [a-EvictionTimer] c.n.e.registry.AbstractInstanceRegistry  : Running the evict task with compensationTime 0ms
2026-08-03T23:30:31.972-06:00  INFO 3056 --- [discovery-service] [a-EvictionTimer] c.n.e.registry.AbstractInstanceRegistry  : Running the evict task with compensationTime 0ms
2026-08-03T23:30:36.972-06:00  INFO 3056 --- [discovery-service] [a-EvictionTimer] c.n.e.registry.AbstractInstanceRegistry  : Running the evict task with compensationTime 0ms
2026-08-03T23:30:41.972-06:00  INFO 3056 --- [discovery-service] [a-EvictionTimer] c.n.e.registry.AbstractInstanceRegistry  : Running the evict task with compensationTime 0ms
2026-08-03T23:30:46.972-06:00  INFO 3056 --- [discovery-service] [a-EvictionTimer] c.n.e.registry.AbstractInstanceRegistry  : Running the evict task with compensationTime 0ms
2026-08-03T23:30:51.972-06:00  INFO 3056 --- [discovery-service] [a-EvictionTimer] c.n.e.registry.AbstractInstanceRegistry  : Running the evict task with compensationTime 0ms
2026-08-03T23:30:56.972-06:00  INFO 3056 --- [discovery-service] [a-EvictionTimer] c.n.e.registry.AbstractInstanceRegistry  : Running the evict task with compensationTime 0ms
2026-08-03T23:31:01.973-06:00  INFO 3056 --- [discovery-service] [a-EvictionTimer] c.n.e.registry.AbstractInstanceRegistry  : Running the evict task with compensationTime 0ms
2026-08-03T23:31:06.973-06:00  INFO 3056 --- [discovery-service] [a-EvictionTimer] c.n.e.registry.AbstractInstanceRegistry  : Running the evict task with compensationTime 0ms
2026-08-03T23:31:11.973-06:00  INFO 3056 --- [discovery-service] [a-EvictionTimer] c.n.e.registry.AbstractInstanceRegistry  : Running the evict task with compensationTime 0ms
2026-08-03T23:31:16.973-06:00  INFO 3056 --- [discovery-service] [a-EvictionTimer] c.n.e.registry.AbstractInstanceRegistry  : Running the evict task with compensationTime 0ms
2026-08-03T23:31:21.974-06:00  INFO 3056 --- [discovery-service] [a-EvictionTimer] c.n.e.registry.AbstractInstanceRegistry  : Running the evict task with compensationTime 1ms
2026-08-03T23:31:26.975-06:00  INFO 3056 --- [discovery-service] [a-EvictionTimer] c.n.e.registry.AbstractInstanceRegistry  : Running the evict task with compensationTime 0ms
2026-08-03T23:31:31.975-06:00  INFO 3056 --- [discovery-service] [a-EvictionTimer] c.n.e.registry.AbstractInstanceRegistry  : Running the evict task with compensationTime 0ms
2026-08-03T23:31:36.976-06:00  INFO 3056 --- [discovery-service] [a-EvictionTimer] c.n.e.registry.AbstractInstanceRegistry  : Running the evict task with compensationTime 1ms
2026-08-03T23:31:41.977-06:00  INFO 3056 --- [discovery-service] [a-EvictionTimer] c.n.e.registry.AbstractInstanceRegistry  : Running the evict task with compensationTime 0ms
2026-08-03T23:31:46.978-06:00  INFO 3056 --- [discovery-service] [a-EvictionTimer] c.n.e.registry.AbstractInstanceRegistry  : Running the evict task with compensationTime 1ms
2026-08-03T23:31:51.979-06:00  INFO 3056 --- [discovery-service] [a-EvictionTimer] c.n.e.registry.AbstractInstanceRegistry  : Running the evict task with compensationTime 1ms
2026-08-03T23:31:56.980-06:00  INFO 3056 --- [discovery-service] [a-EvictionTimer] c.n.e.registry.AbstractInstanceRegistry  : Running the evict task with compensationTime 0ms
2026-08-03T23:32:01.981-06:00  INFO 3056 --- [discovery-service] [a-EvictionTimer] c.n.e.registry.AbstractInstanceRegistry  : Running the evict task with compensationTime 1ms
2026-08-03T23:32:06.981-06:00  INFO 3056 --- [discovery-service] [a-EvictionTimer] c.n.e.registry.AbstractInstanceRegistry  : Running the evict task with compensationTime 0ms
2026-08-03T23:32:11.982-06:00  INFO 3056 --- [discovery-service] [a-EvictionTimer] c.n.e.registry.AbstractInstanceRegistry  : Running the evict task with compensationTime 0ms
2026-08-03T23:32:16.985-06:00  INFO 3056 --- [discovery-service] [a-EvictionTimer] c.n.e.registry.AbstractInstanceRegistry  : Running the evict task with compensationTime 2ms
2026-08-03T23:32:21.986-06:00  INFO 3056 --- [discovery-service] [a-EvictionTimer] c.n.e.registry.AbstractInstanceRegistry  : Running the evict task with compensationTime 1ms
2026-08-03T23:32:26.986-06:00  INFO 3056 --- [discovery-service] [a-EvictionTimer] c.n.e.registry.AbstractInstanceRegistry  : Running the evict task with compensationTime 0ms
2026-08-03T23:32:31.986-06:00  INFO 3056 --- [discovery-service] [a-EvictionTimer] c.n.e.registry.AbstractInstanceRegistry  : Running the evict task with compensationTime 0ms
2026-08-03T23:32:36.987-06:00  INFO 3056 --- [discovery-service] [a-EvictionTimer] c.n.e.registry.AbstractInstanceRegistry  : Running the evict task with compensationTime 0ms
2026-08-03T23:32:41.987-06:00  INFO 3056 --- [discovery-service] [a-EvictionTimer] c.n.e.registry.AbstractInstanceRegistry  : Running the evict task with compensationTime 0ms
2026-08-03T23:32:46.987-06:00  INFO 3056 --- [discovery-service] [a-EvictionTimer] c.n.e.registry.AbstractInstanceRegistry  : Running the evict task with compensationTime 0ms
2026-08-03T23:32:51.987-06:00  INFO 3056 --- [discovery-service] [a-EvictionTimer] c.n.e.registry.AbstractInstanceRegistry  : Running the evict task with compensationTime 0ms
2026-08-03T23:32:56.988-06:00  INFO 3056 --- [discovery-service] [a-EvictionTimer] c.n.e.registry.AbstractInstanceRegistry  : Running the evict task with compensationTime 0ms
2026-08-03T23:33:01.989-06:00  INFO 3056 --- [discovery-service] [a-EvictionTimer] c.n.e.registry.AbstractInstanceRegistry  : Running the evict task with compensationTime 0ms
2026-08-03T23:33:06.989-06:00  INFO 3056 --- [discovery-service] [a-EvictionTimer] c.n.e.registry.AbstractInstanceRegistry  : Running the evict task with compensationTime 0ms
2026-08-03T23:33:11.989-06:00  INFO 3056 --- [discovery-service] [a-EvictionTimer] c.n.e.registry.AbstractInstanceRegistry  : Running the evict task with compensationTime 0ms
2026-08-03T23:33:16.990-06:00  INFO 3056 --- [discovery-service] [a-EvictionTimer] c.n.e.registry.AbstractInstanceRegistry  : Running the evict task with compensationTime 0ms
2026-08-03T23:33:21.990-06:00  INFO 3056 --- [discovery-service] [a-EvictionTimer] c.n.e.registry.AbstractInstanceRegistry  : Running the evict task with compensationTime 0ms
2026-08-03T23:33:26.990-06:00  INFO 3056 --- [discovery-service] [a-EvictionTimer] c.n.e.registry.AbstractInstanceRegistry  : Running the evict task with compensationTime 0ms
2026-08-03T23:33:31.990-06:00  INFO 3056 --- [discovery-service] [a-EvictionTimer] c.n.e.registry.AbstractInstanceRegistry  : Running the evict task with compensationTime 0ms
2026-08-03T23:33:36.991-06:00  INFO 3056 --- [discovery-service] [a-EvictionTimer] c.n.e.registry.AbstractInstanceRegistry  : Running the evict task with compensationTime 0ms
2026-08-03T23:33:41.992-06:00  INFO 3056 --- [discovery-service] [a-EvictionTimer] c.n.e.registry.AbstractInstanceRegistry  : Running the evict task with compensationTime 1ms
2026-08-03T23:33:46.992-06:00  INFO 3056 --- [discovery-service] [a-EvictionTimer] c.n.e.registry.AbstractInstanceRegistry  : Running the evict task with compensationTime 0ms
2026-08-03T23:33:51.993-06:00  INFO 3056 --- [discovery-service] [a-EvictionTimer] c.n.e.registry.AbstractInstanceRegistry  : Running the evict task with compensationTime 0ms
2026-08-03T23:33:56.995-06:00  INFO 3056 --- [discovery-service] [a-EvictionTimer] c.n.e.registry.AbstractInstanceRegistry  : Running the evict task with compensationTime 1ms
2026-08-03T23:34:01.996-06:00  INFO 3056 --- [discovery-service] [a-EvictionTimer] c.n.e.registry.AbstractInstanceRegistry  : Running the evict task with compensationTime 0ms
2026-08-03T23:34:06.996-06:00  INFO 3056 --- [discovery-service] [a-EvictionTimer] c.n.e.registry.AbstractInstanceRegistry  : Running the evict task with compensationTime 0ms
2026-08-03T23:34:11.997-06:00  INFO 3056 --- [discovery-service] [a-EvictionTimer] c.n.e.registry.AbstractInstanceRegistry  : Running the evict task with compensationTime 1ms
2026-08-03T23:34:16.997-06:00  INFO 3056 --- [discovery-service] [a-EvictionTimer] c.n.e.registry.AbstractInstanceRegistry  : Running the evict task with compensationTime 0ms
2026-08-03T23:34:21.997-06:00  INFO 3056 --- [discovery-service] [a-EvictionTimer] c.n.e.registry.AbstractInstanceRegistry  : Running the evict task with compensationTime 0ms
2026-08-03T23:34:26.998-06:00  INFO 3056 --- [discovery-service] [a-EvictionTimer] c.n.e.registry.AbstractInstanceRegistry  : Running the evict task with compensationTime 0ms
2026-08-03T23:34:31.998-06:00  INFO 3056 --- [discovery-service] [a-EvictionTimer] c.n.e.registry.AbstractInstanceRegistry  : Running the evict task with compensationTime 0ms
2026-08-03T23:34:36.999-06:00  INFO 3056 --- [discovery-service] [a-EvictionTimer] c.n.e.registry.AbstractInstanceRegistry  : Running the evict task with compensationTime 0ms
2026-08-03T23:34:41.999-06:00  INFO 3056 --- [discovery-service] [a-EvictionTimer] c.n.e.registry.AbstractInstanceRegistry  : Running the evict task with compensationTime 0ms
2026-08-03T23:34:46.999-06:00  INFO 3056 --- [discovery-service] [a-EvictionTimer] c.n.e.registry.AbstractInstanceRegistry  : Running the evict task with compensationTime 0ms
2026-08-03T23:34:52.000-06:00  INFO 3056 --- [discovery-service] [a-EvictionTimer] c.n.e.registry.AbstractInstanceRegistry  : Running the evict task with compensationTime 0ms
2026-08-03T23:34:57.000-06:00  INFO 3056 --- [discovery-service] [a-EvictionTimer] c.n.e.registry.AbstractInstanceRegistry  : Running the evict task with compensationTime 0ms
2026-08-03T23:35:02.001-06:00  INFO 3056 --- [discovery-service] [a-EvictionTimer] c.n.e.registry.AbstractInstanceRegistry  : Running the evict task with compensationTime 0ms
2026-08-03T23:35:07.002-06:00  INFO 3056 --- [discovery-service] [a-EvictionTimer] c.n.e.registry.AbstractInstanceRegistry  : Running the evict task with compensationTime 0ms
2026-08-03T23:35:12.003-06:00  INFO 3056 --- [discovery-service] [a-EvictionTimer] c.n.e.registry.AbstractInstanceRegistry  : Running the evict task with compensationTime 0ms
2026-08-03T23:35:17.004-06:00  INFO 3056 --- [discovery-service] [a-EvictionTimer] c.n.e.registry.AbstractInstanceRegistry  : Running the evict task with compensationTime 1ms
2026-08-03T23:35:22.005-06:00  INFO 3056 --- [discovery-service] [a-EvictionTimer] c.n.e.registry.AbstractInstanceRegistry  : Running the evict task with compensationTime 0ms
2026-08-03T23:35:27.005-06:00  INFO 3056 --- [discovery-service] [a-EvictionTimer] c.n.e.registry.AbstractInstanceRegistry  : Running the evict task with compensationTime 0ms
2026-08-03T23:35:32.006-06:00  INFO 3056 --- [discovery-service] [a-EvictionTimer] c.n.e.registry.AbstractInstanceRegistry  : Running the evict task with compensationTime 0ms
2026-08-03T23:35:37.006-06:00  INFO 3056 --- [discovery-service] [a-EvictionTimer] c.n.e.registry.AbstractInstanceRegistry  : Running the evict task with compensationTime 0ms
2026-08-03T23:35:42.006-06:00  INFO 3056 --- [discovery-service] [a-EvictionTimer] c.n.e.registry.AbstractInstanceRegistry  : Running the evict task with compensationTime 0ms
2026-08-03T23:35:47.006-06:00  INFO 3056 --- [discovery-service] [a-EvictionTimer] c.n.e.registry.AbstractInstanceRegistry  : Running the evict task with compensationTime 0ms
2026-08-03T23:35:52.006-06:00  INFO 3056 --- [discovery-service] [a-EvictionTimer] c.n.e.registry.AbstractInstanceRegistry  : Running the evict task with compensationTime 0ms
2026-08-03T23:35:57.006-06:00  INFO 3056 --- [discovery-service] [a-EvictionTimer] c.n.e.registry.AbstractInstanceRegistry  : Running the evict task with compensationTime 0ms
2026-08-03T23:36:02.006-06:00  INFO 3056 --- [discovery-service] [a-EvictionTimer] c.n.e.registry.AbstractInstanceRegistry  : Running the evict task with compensationTime 0ms
2026-08-03T23:36:07.006-06:00  INFO 3056 --- [discovery-service] [a-EvictionTimer] c.n.e.registry.AbstractInstanceRegistry  : Running the evict task with compensationTime 0ms
2026-08-03T23:36:12.006-06:00  INFO 3056 --- [discovery-service] [a-EvictionTimer] c.n.e.registry.AbstractInstanceRegistry  : Running the evict task with compensationTime 0ms
2026-08-03T23:36:14.503-06:00  WARN 3056 --- [discovery-service] [eerNodesUpdater] c.n.eureka.cluster.PeerEurekaNodes       : The replica size seems to be empty. Check the route 53 DNS Registry
2026-08-03T23:36:17.006-06:00  INFO 3056 --- [discovery-service] [a-EvictionTimer] c.n.e.registry.AbstractInstanceRegistry  : Running the evict task with compensationTime 0ms
2026-08-03T23:36:22.006-06:00  INFO 3056 --- [discovery-service] [a-EvictionTimer] c.n.e.registry.AbstractInstanceRegistry  : Running the evict task with compensationTime 0ms
2026-08-03T23:36:27.007-06:00  INFO 3056 --- [discovery-service] [a-EvictionTimer] c.n.e.registry.AbstractInstanceRegistry  : Running the evict task with compensationTime 0ms
2026-08-03T23:36:32.007-06:00  INFO 3056 --- [discovery-service] [a-EvictionTimer] c.n.e.registry.AbstractInstanceRegistry  : Running the evict task with compensationTime 0ms
2026-08-03T23:36:37.007-06:00  INFO 3056 --- [discovery-service] [a-EvictionTimer] c.n.e.registry.AbstractInstanceRegistry  : Running the evict task with compensationTime 0ms
2026-08-03T23:36:42.007-06:00  INFO 3056 --- [discovery-service] [a-EvictionTimer] c.n.e.registry.AbstractInstanceRegistry  : Running the evict task with compensationTime 0ms
2026-08-03T23:36:47.008-06:00  INFO 3056 --- [discovery-service] [a-EvictionTimer] c.n.e.registry.AbstractInstanceRegistry  : Running the evict task with compensationTime 0ms
2026-08-03T23:36:52.009-06:00  INFO 3056 --- [discovery-service] [a-EvictionTimer] c.n.e.registry.AbstractInstanceRegistry  : Running the evict task with compensationTime 0ms
2026-08-03T23:36:57.009-06:00  INFO 3056 --- [discovery-service] [a-EvictionTimer] c.n.e.registry.AbstractInstanceRegistry  : Running the evict task with compensationTime 0ms
2026-08-03T23:37:02.010-06:00  INFO 3056 --- [discovery-service] [a-EvictionTimer] c.n.e.registry.AbstractInstanceRegistry  : Running the evict task with compensationTime 0ms
2026-08-03T23:37:07.010-06:00  INFO 3056 --- [discovery-service] [a-EvictionTimer] c.n.e.registry.AbstractInstanceRegistry  : Running the evict task with compensationTime 0ms
2026-08-03T23:37:12.011-06:00  INFO 3056 --- [discovery-service] [a-EvictionTimer] c.n.e.registry.AbstractInstanceRegistry  : Running the evict task with compensationTime 0ms
2026-08-03T23:37:17.011-06:00  INFO 3056 --- [discovery-service] [a-EvictionTimer] c.n.e.registry.AbstractInstanceRegistry  : Running the evict task with compensationTime 0ms
2026-08-03T23:37:22.011-06:00  INFO 3056 --- [discovery-service] [a-EvictionTimer] c.n.e.registry.AbstractInstanceRegistry  : Running the evict task with compensationTime 0ms
2026-08-03T23:37:27.011-06:00  INFO 3056 --- [discovery-service] [a-EvictionTimer] c.n.e.registry.AbstractInstanceRegistry  : Running the evict task with compensationTime 0ms
2026-08-03T23:37:32.011-06:00  INFO 3056 --- [discovery-service] [a-EvictionTimer] c.n.e.registry.AbstractInstanceRegistry  : Running the evict task with compensationTime 0ms
2026-08-03T23:37:37.011-06:00  INFO 3056 --- [discovery-service] [a-EvictionTimer] c.n.e.registry.AbstractInstanceRegistry  : Running the evict task with compensationTime 0ms
2026-08-03T23:37:42.012-06:00  INFO 3056 --- [discovery-service] [a-EvictionTimer] c.n.e.registry.AbstractInstanceRegistry  : Running the evict task with compensationTime 0ms
2026-08-03T23:37:47.012-06:00  INFO 3056 --- [discovery-service] [a-EvictionTimer] c.n.e.registry.AbstractInstanceRegistry  : Running the evict task with compensationTime 0ms
2026-08-03T23:37:52.012-06:00  INFO 3056 --- [discovery-service] [a-EvictionTimer] c.n.e.registry.AbstractInstanceRegistry  : Running the evict task with compensationTime 0ms
2026-08-03T23:37:57.012-06:00  INFO 3056 --- [discovery-service] [a-EvictionTimer] c.n.e.registry.AbstractInstanceRegistry  : Running the evict task with compensationTime 0ms
2026-08-03T23:38:02.012-06:00  INFO 3056 --- [discovery-service] [a-EvictionTimer] c.n.e.registry.AbstractInstanceRegistry  : Running the evict task with compensationTime 0ms
2026-08-03T23:38:07.013-06:00  INFO 3056 --- [discovery-service] [a-EvictionTimer] c.n.e.registry.AbstractInstanceRegistry  : Running the evict task with compensationTime 0ms
2026-08-03T23:38:12.014-06:00  INFO 3056 --- [discovery-service] [a-EvictionTimer] c.n.e.registry.AbstractInstanceRegistry  : Running the evict task with compensationTime 0ms
2026-08-03T23:38:17.014-06:00  INFO 3056 --- [discovery-service] [a-EvictionTimer] c.n.e.registry.AbstractInstanceRegistry  : Running the evict task with compensationTime 0ms
2026-08-03T23:38:22.016-06:00  INFO 3056 --- [discovery-service] [a-EvictionTimer] c.n.e.registry.AbstractInstanceRegistry  : Running the evict task with compensationTime 1ms
2026-08-03T23:38:27.018-06:00  INFO 3056 --- [discovery-service] [a-EvictionTimer] c.n.e.registry.AbstractInstanceRegistry  : Running the evict task with compensationTime 1ms
2026-08-03T23:38:32.018-06:00  INFO 3056 --- [discovery-service] [a-EvictionTimer] c.n.e.registry.AbstractInstanceRegistry  : Running the evict task with compensationTime 0ms
2026-08-03T23:38:37.019-06:00  INFO 3056 --- [discovery-service] [a-EvictionTimer] c.n.e.registry.AbstractInstanceRegistry  : Running the evict task with compensationTime 0ms
2026-08-03T23:38:42.020-06:00  INFO 3056 --- [discovery-service] [a-EvictionTimer] c.n.e.registry.AbstractInstanceRegistry  : Running the evict task with compensationTime 1ms
2026-08-03T23:38:47.021-06:00  INFO 3056 --- [discovery-service] [a-EvictionTimer] c.n.e.registry.AbstractInstanceRegistry  : Running the evict task with compensationTime 0ms
2026-08-03T23:38:52.023-06:00  INFO 3056 --- [discovery-service] [a-EvictionTimer] c.n.e.registry.AbstractInstanceRegistry  : Running the evict task with compensationTime 2ms
2026-08-03T23:38:57.024-06:00  INFO 3056 --- [discovery-service] [a-EvictionTimer] c.n.e.registry.AbstractInstanceRegistry  : Running the evict task with compensationTime 1ms
2026-08-03T23:39:02.025-06:00  INFO 3056 --- [discovery-service] [a-EvictionTimer] c.n.e.registry.AbstractInstanceRegistry  : Running the evict task with compensationTime 0ms
2026-08-03T23:39:07.025-06:00  INFO 3056 --- [discovery-service] [a-EvictionTimer] c.n.e.registry.AbstractInstanceRegistry  : Running the evict task with compensationTime 0ms
2026-08-03T23:39:12.026-06:00  INFO 3056 --- [discovery-service] [a-EvictionTimer] c.n.e.registry.AbstractInstanceRegistry  : Running the evict task with compensationTime 0ms
2026-08-03T23:39:17.026-06:00  INFO 3056 --- [discovery-service] [a-EvictionTimer] c.n.e.registry.AbstractInstanceRegistry  : Running the evict task with compensationTime 0ms
2026-08-03T23:39:22.027-06:00  INFO 3056 --- [discovery-service] [a-EvictionTimer] c.n.e.registry.AbstractInstanceRegistry  : Running the evict task with compensationTime 0ms
2026-08-03T23:39:27.027-06:00  INFO 3056 --- [discovery-service] [a-EvictionTimer] c.n.e.registry.AbstractInstanceRegistry  : Running the evict task with compensationTime 0ms
2026-08-03T23:39:32.027-06:00  INFO 3056 --- [discovery-service] [a-EvictionTimer] c.n.e.registry.AbstractInstanceRegistry  : Running the evict task with compensationTime 0ms
2026-08-03T23:39:37.028-06:00  INFO 3056 --- [discovery-service] [a-EvictionTimer] c.n.e.registry.AbstractInstanceRegistry  : Running the evict task with compensationTime 0ms
2026-08-03T23:39:42.028-06:00  INFO 3056 --- [discovery-service] [a-EvictionTimer] c.n.e.registry.AbstractInstanceRegistry  : Running the evict task with compensationTime 0ms
2026-08-03T23:39:47.029-06:00  INFO 3056 --- [discovery-service] [a-EvictionTimer] c.n.e.registry.AbstractInstanceRegistry  : Running the evict task with compensationTime 0ms
2026-08-03T23:39:52.029-06:00  INFO 3056 --- [discovery-service] [a-EvictionTimer] c.n.e.registry.AbstractInstanceRegistry  : Running the evict task with compensationTime 0ms
2026-08-03T23:39:57.030-06:00  INFO 3056 --- [discovery-service] [a-EvictionTimer] c.n.e.registry.AbstractInstanceRegistry  : Running the evict task with compensationTime 0ms
2026-08-03T23:40:02.029-06:00  INFO 3056 --- [discovery-service] [a-EvictionTimer] c.n.e.registry.AbstractInstanceRegistry  : Running the evict task with compensationTime 0ms
2026-08-03T23:40:07.029-06:00  INFO 3056 --- [discovery-service] [a-EvictionTimer] c.n.e.registry.AbstractInstanceRegistry  : Running the evict task with compensationTime 0ms
2026-08-03T23:40:12.029-06:00  INFO 3056 --- [discovery-service] [a-EvictionTimer] c.n.e.registry.AbstractInstanceRegistry  : Running the evict task with compensationTime 0ms
2026-08-03T23:40:17.030-06:00  INFO 3056 --- [discovery-service] [a-EvictionTimer] c.n.e.registry.AbstractInstanceRegistry  : Running the evict task with compensationTime 0ms
2026-08-03T23:40:22.031-06:00  INFO 3056 --- [discovery-service] [a-EvictionTimer] c.n.e.registry.AbstractInstanceRegistry  : Running the evict task with compensationTime 2ms
2026-08-03T23:40:27.031-06:00  INFO 3056 --- [discovery-service] [a-EvictionTimer] c.n.e.registry.AbstractInstanceRegistry  : Running the evict task with compensationTime 0ms
2026-08-03T23:40:32.031-06:00  INFO 3056 --- [discovery-service] [a-EvictionTimer] c.n.e.registry.AbstractInstanceRegistry  : Running the evict task with compensationTime 0ms
2026-08-03T23:40:37.031-06:00  INFO 3056 --- [discovery-service] [a-EvictionTimer] c.n.e.registry.AbstractInstanceRegistry  : Running the evict task with compensationTime 0ms
2026-08-03T23:40:42.031-06:00  INFO 3056 --- [discovery-service] [a-EvictionTimer] c.n.e.registry.AbstractInstanceRegistry  : Running the evict task with compensationTime 0ms
2026-08-03T23:40:47.031-06:00  INFO 3056 --- [discovery-service] [a-EvictionTimer] c.n.e.registry.AbstractInstanceRegistry  : Running the evict task with compensationTime 0ms
2026-08-03T23:40:52.031-06:00  INFO 3056 --- [discovery-service] [a-EvictionTimer] c.n.e.registry.AbstractInstanceRegistry  : Running the evict task with compensationTime 0ms
2026-08-03T23:40:57.032-06:00  INFO 3056 --- [discovery-service] [a-EvictionTimer] c.n.e.registry.AbstractInstanceRegistry  : Running the evict task with compensationTime 0ms
2026-08-03T23:41:02.033-06:00  INFO 3056 --- [discovery-service] [a-EvictionTimer] c.n.e.registry.AbstractInstanceRegistry  : Running the evict task with compensationTime 1ms
2026-08-03T23:41:07.034-06:00  INFO 3056 --- [discovery-service] [a-EvictionTimer] c.n.e.registry.AbstractInstanceRegistry  : Running the evict task with compensationTime 1ms
2026-08-03T23:41:12.034-06:00  INFO 3056 --- [discovery-service] [a-EvictionTimer] c.n.e.registry.AbstractInstanceRegistry  : Running the evict task with compensationTime 0ms
2026-08-03T23:41:14.470-06:00  INFO 3056 --- [discovery-service] [hresholdUpdater] c.n.e.r.PeerAwareInstanceRegistryImpl    : Current renewal threshold is : 5
2026-08-03T23:41:17.035-06:00  INFO 3056 --- [discovery-service] [a-EvictionTimer] c.n.e.registry.AbstractInstanceRegistry  : Running the evict task with compensationTime 0ms
2026-08-03T23:41:22.036-06:00  INFO 3056 --- [discovery-service] [a-EvictionTimer] c.n.e.registry.AbstractInstanceRegistry  : Running the evict task with compensationTime 0ms
2026-08-03T23:41:27.036-06:00  INFO 3056 --- [discovery-service] [a-EvictionTimer] c.n.e.registry.AbstractInstanceRegistry  : Running the evict task with compensationTime 0ms
2026-08-03T23:41:32.037-06:00  INFO 3056 --- [discovery-service] [a-EvictionTimer] c.n.e.registry.AbstractInstanceRegistry  : Running the evict task with compensationTime 0ms
2026-08-03T23:41:37.038-06:00  INFO 3056 --- [discovery-service] [a-EvictionTimer] c.n.e.registry.AbstractInstanceRegistry  : Running the evict task with compensationTime 0ms
2026-08-03T23:41:42.039-06:00  INFO 3056 --- [discovery-service] [a-EvictionTimer] c.n.e.registry.AbstractInstanceRegistry  : Running the evict task with compensationTime 1ms
2026-08-03T23:41:47.039-06:00  INFO 3056 --- [discovery-service] [a-EvictionTimer] c.n.e.registry.AbstractInstanceRegistry  : Running the evict task with compensationTime 0ms
2026-08-03T23:41:52.040-06:00  INFO 3056 --- [discovery-service] [a-EvictionTimer] c.n.e.registry.AbstractInstanceRegistry  : Running the evict task with compensationTime 0ms
2026-08-03T23:41:57.040-06:00  INFO 3056 --- [discovery-service] [a-EvictionTimer] c.n.e.registry.AbstractInstanceRegistry  : Running the evict task with compensationTime 0ms
2026-08-03T23:42:02.040-06:00  INFO 3056 --- [discovery-service] [a-EvictionTimer] c.n.e.registry.AbstractInstanceRegistry  : Running the evict task with compensationTime 0ms
2026-08-03T23:42:07.041-06:00  INFO 3056 --- [discovery-service] [a-EvictionTimer] c.n.e.registry.AbstractInstanceRegistry  : Running the evict task with compensationTime 0ms
2026-08-03T23:42:12.041-06:00  INFO 3056 --- [discovery-service] [a-EvictionTimer] c.n.e.registry.AbstractInstanceRegistry  : Running the evict task with compensationTime 0ms
2026-08-03T23:42:17.042-06:00  INFO 3056 --- [discovery-service] [a-EvictionTimer] c.n.e.registry.AbstractInstanceRegistry  : Running the evict task with compensationTime 1ms
2026-08-03T23:42:22.042-06:00  INFO 3056 --- [discovery-service] [a-EvictionTimer] c.n.e.registry.AbstractInstanceRegistry  : Running the evict task with compensationTime 0ms
2026-08-03T23:42:27.043-06:00  INFO 3056 --- [discovery-service] [a-EvictionTimer] c.n.e.registry.AbstractInstanceRegistry  : Running the evict task with compensationTime 1ms
2026-08-03T23:42:32.044-06:00  INFO 3056 --- [discovery-service] [a-EvictionTimer] c.n.e.registry.AbstractInstanceRegistry  : Running the evict task with compensationTime 1ms
2026-08-03T23:42:37.045-06:00  INFO 3056 --- [discovery-service] [a-EvictionTimer] c.n.e.registry.AbstractInstanceRegistry  : Running the evict task with compensationTime 0ms
2026-08-03T23:42:42.046-06:00  INFO 3056 --- [discovery-service] [a-EvictionTimer] c.n.e.registry.AbstractInstanceRegistry  : Running the evict task with compensationTime 1ms
2026-08-03T23:42:47.046-06:00  INFO 3056 --- [discovery-service] [a-EvictionTimer] c.n.e.registry.AbstractInstanceRegistry  : Running the evict task with compensationTime 0ms
2026-08-03T23:42:52.046-06:00  INFO 3056 --- [discovery-service] [a-EvictionTimer] c.n.e.registry.AbstractInstanceRegistry  : Running the evict task with compensationTime 0ms
2026-08-03T23:42:57.047-06:00  INFO 3056 --- [discovery-service] [a-EvictionTimer] c.n.e.registry.AbstractInstanceRegistry  : Running the evict task with compensationTime 0ms
2026-08-03T23:43:02.048-06:00  INFO 3056 --- [discovery-service] [a-EvictionTimer] c.n.e.registry.AbstractInstanceRegistry  : Running the evict task with compensationTime 0ms
2026-08-03T23:43:07.048-06:00  INFO 3056 --- [discovery-service] [a-EvictionTimer] c.n.e.registry.AbstractInstanceRegistry  : Running the evict task with compensationTime 0ms
2026-08-03T23:43:12.049-06:00  INFO 3056 --- [discovery-service] [a-EvictionTimer] c.n.e.registry.AbstractInstanceRegistry  : Running the evict task with compensationTime 0ms
2026-08-03T23:43:17.049-06:00  INFO 3056 --- [discovery-service] [a-EvictionTimer] c.n.e.registry.AbstractInstanceRegistry  : Running the evict task with compensationTime 0ms
2026-08-03T23:43:22.050-06:00  INFO 3056 --- [discovery-service] [a-EvictionTimer] c.n.e.registry.AbstractInstanceRegistry  : Running the evict task with compensationTime 0ms
2026-08-03T23:43:27.051-06:00  INFO 3056 --- [discovery-service] [a-EvictionTimer] c.n.e.registry.AbstractInstanceRegistry  : Running the evict task with compensationTime 1ms
2026-08-03T23:43:32.052-06:00  INFO 3056 --- [discovery-service] [a-EvictionTimer] c.n.e.registry.AbstractInstanceRegistry  : Running the evict task with compensationTime 1ms
2026-08-03T23:43:37.052-06:00  INFO 3056 --- [discovery-service] [a-EvictionTimer] c.n.e.registry.AbstractInstanceRegistry  : Running the evict task with compensationTime 0ms
2026-08-03T23:43:42.052-06:00  INFO 3056 --- [discovery-service] [a-EvictionTimer] c.n.e.registry.AbstractInstanceRegistry  : Running the evict task with compensationTime 0ms
2026-08-03T23:43:47.053-06:00  INFO 3056 --- [discovery-service] [a-EvictionTimer] c.n.e.registry.AbstractInstanceRegistry  : Running the evict task with compensationTime 0ms
2026-08-03T23:43:52.053-06:00  INFO 3056 --- [discovery-service] [a-EvictionTimer] c.n.e.registry.AbstractInstanceRegistry  : Running the evict task with compensationTime 0ms
2026-08-03T23:43:57.054-06:00  INFO 3056 --- [discovery-service] [a-EvictionTimer] c.n.e.registry.AbstractInstanceRegistry  : Running the evict task with compensationTime 1ms
2026-08-03T23:44:02.054-06:00  INFO 3056 --- [discovery-service] [a-EvictionTimer] c.n.e.registry.AbstractInstanceRegistry  : Running the evict task with compensationTime 0ms
2026-08-03T23:44:07.055-06:00  INFO 3056 --- [discovery-service] [a-EvictionTimer] c.n.e.registry.AbstractInstanceRegistry  : Running the evict task with compensationTime 1ms
2026-08-03T23:44:12.056-06:00  INFO 3056 --- [discovery-service] [a-EvictionTimer] c.n.e.registry.AbstractInstanceRegistry  : Running the evict task with compensationTime 0ms
2026-08-03T23:44:17.057-06:00  INFO 3056 --- [discovery-service] [a-EvictionTimer] c.n.e.registry.AbstractInstanceRegistry  : Running the evict task with compensationTime 0ms
2026-08-03T23:44:22.057-06:00  INFO 3056 --- [discovery-service] [a-EvictionTimer] c.n.e.registry.AbstractInstanceRegistry  : Running the evict task with compensationTime 0ms
2026-08-03T23:44:27.058-06:00  INFO 3056 --- [discovery-service] [a-EvictionTimer] c.n.e.registry.AbstractInstanceRegistry  : Running the evict task with compensationTime 0ms
2026-08-03T23:44:32.058-06:00  INFO 3056 --- [discovery-service] [a-EvictionTimer] c.n.e.registry.AbstractInstanceRegistry  : Running the evict task with compensationTime 0ms
2026-08-03T23:44:37.058-06:00  INFO 3056 --- [discovery-service] [a-EvictionTimer] c.n.e.registry.AbstractInstanceRegistry  : Running the evict task with compensationTime 0ms
2026-08-03T23:44:42.060-06:00  INFO 3056 --- [discovery-service] [a-EvictionTimer] c.n.e.registry.AbstractInstanceRegistry  : Running the evict task with compensationTime 1ms
2026-08-03T23:44:47.060-06:00  INFO 3056 --- [discovery-service] [a-EvictionTimer] c.n.e.registry.AbstractInstanceRegistry  : Running the evict task with compensationTime 0ms
2026-08-03T23:44:52.060-06:00  INFO 3056 --- [discovery-service] [a-EvictionTimer] c.n.e.registry.AbstractInstanceRegistry  : Running the evict task with compensationTime 0ms
2026-08-03T23:44:57.060-06:00  INFO 3056 --- [discovery-service] [a-EvictionTimer] c.n.e.registry.AbstractInstanceRegistry  : Running the evict task with compensationTime 0ms
2026-08-03T23:45:02.061-06:00  INFO 3056 --- [discovery-service] [a-EvictionTimer] c.n.e.registry.AbstractInstanceRegistry  : Running the evict task with compensationTime 0ms
2026-08-03T23:45:07.061-06:00  INFO 3056 --- [discovery-service] [a-EvictionTimer] c.n.e.registry.AbstractInstanceRegistry  : Running the evict task with compensationTime 0ms
2026-08-03T23:45:12.061-06:00  INFO 3056 --- [discovery-service] [a-EvictionTimer] c.n.e.registry.AbstractInstanceRegistry  : Running the evict task with compensationTime 0ms
2026-08-03T23:45:17.062-06:00  INFO 3056 --- [discovery-service] [a-EvictionTimer] c.n.e.registry.AbstractInstanceRegistry  : Running the evict task with compensationTime 1ms
2026-08-03T23:45:22.063-06:00  INFO 3056 --- [discovery-service] [a-EvictionTimer] c.n.e.registry.AbstractInstanceRegistry  : Running the evict task with compensationTime 0ms
2026-08-03T23:45:27.064-06:00  INFO 3056 --- [discovery-service] [a-EvictionTimer] c.n.e.registry.AbstractInstanceRegistry  : Running the evict task with compensationTime 1ms
2026-08-03T23:45:32.064-06:00  INFO 3056 --- [discovery-service] [a-EvictionTimer] c.n.e.registry.AbstractInstanceRegistry  : Running the evict task with compensationTime 0ms
2026-08-03T23:45:37.065-06:00  INFO 3056 --- [discovery-service] [a-EvictionTimer] c.n.e.registry.AbstractInstanceRegistry  : Running the evict task with compensationTime 1ms
2026-08-03T23:45:42.065-06:00  INFO 3056 --- [discovery-service] [a-EvictionTimer] c.n.e.registry.AbstractInstanceRegistry  : Running the evict task with compensationTime 0ms
2026-08-03T23:45:47.066-06:00  INFO 3056 --- [discovery-service] [a-EvictionTimer] c.n.e.registry.AbstractInstanceRegistry  : Running the evict task with compensationTime 0ms
2026-08-03T23:45:52.066-06:00  INFO 3056 --- [discovery-service] [a-EvictionTimer] c.n.e.registry.AbstractInstanceRegistry  : Running the evict task with compensationTime 0ms
2026-08-03T23:45:57.066-06:00  INFO 3056 --- [discovery-service] [a-EvictionTimer] c.n.e.registry.AbstractInstanceRegistry  : Running the evict task with compensationTime 0ms
2026-08-03T23:46:02.067-06:00  INFO 3056 --- [discovery-service] [a-EvictionTimer] c.n.e.registry.AbstractInstanceRegistry  : Running the evict task with compensationTime 1ms
2026-08-03T23:46:07.068-06:00  INFO 3056 --- [discovery-service] [a-EvictionTimer] c.n.e.registry.AbstractInstanceRegistry  : Running the evict task with compensationTime 0ms
2026-08-03T23:46:12.068-06:00  INFO 3056 --- [discovery-service] [a-EvictionTimer] c.n.e.registry.AbstractInstanceRegistry  : Running the evict task with compensationTime 0ms
2026-08-03T23:46:15.021-06:00  WARN 3056 --- [discovery-service] [eerNodesUpdater] c.n.eureka.cluster.PeerEurekaNodes       : The replica size seems to be empty. Check the route 53 DNS Registry
2026-08-03T23:46:17.069-06:00  INFO 3056 --- [discovery-service] [a-EvictionTimer] c.n.e.registry.AbstractInstanceRegistry  : Running the evict task with compensationTime 0ms
2026-08-03T23:46:22.069-06:00  INFO 3056 --- [discovery-service] [a-EvictionTimer] c.n.e.registry.AbstractInstanceRegistry  : Running the evict task with compensationTime 0ms
2026-08-03T23:46:27.070-06:00  INFO 3056 --- [discovery-service] [a-EvictionTimer] c.n.e.registry.AbstractInstanceRegistry  : Running the evict task with compensationTime 0ms
2026-08-03T23:46:32.071-06:00  INFO 3056 --- [discovery-service] [a-EvictionTimer] c.n.e.registry.AbstractInstanceRegistry  : Running the evict task with compensationTime 0ms
2026-08-03T23:46:37.071-06:00  INFO 3056 --- [discovery-service] [a-EvictionTimer] c.n.e.registry.AbstractInstanceRegistry  : Running the evict task with compensationTime 0ms
2026-08-03T23:46:42.072-06:00  INFO 3056 --- [discovery-service] [a-EvictionTimer] c.n.e.registry.AbstractInstanceRegistry  : Running the evict task with compensationTime 0ms
2026-08-03T23:46:47.072-06:00  INFO 3056 --- [discovery-service] [a-EvictionTimer] c.n.e.registry.AbstractInstanceRegistry  : Running the evict task with compensationTime 0ms
2026-08-03T23:46:52.073-06:00  INFO 3056 --- [discovery-service] [a-EvictionTimer] c.n.e.registry.AbstractInstanceRegistry  : Running the evict task with compensationTime 1ms
2026-08-03T23:46:57.074-06:00  INFO 3056 --- [discovery-service] [a-EvictionTimer] c.n.e.registry.AbstractInstanceRegistry  : Running the evict task with compensationTime 1ms
2026-08-03T23:47:02.074-06:00  INFO 3056 --- [discovery-service] [a-EvictionTimer] c.n.e.registry.AbstractInstanceRegistry  : Running the evict task with compensationTime 0ms
2026-08-03T23:47:07.076-06:00  INFO 3056 --- [discovery-service] [a-EvictionTimer] c.n.e.registry.AbstractInstanceRegistry  : Running the evict task with compensationTime 1ms
2026-08-03T23:47:12.077-06:00  INFO 3056 --- [discovery-service] [a-EvictionTimer] c.n.e.registry.AbstractInstanceRegistry  : Running the evict task with compensationTime 1ms
2026-08-03T23:47:17.079-06:00  INFO 3056 --- [discovery-service] [a-EvictionTimer] c.n.e.registry.AbstractInstanceRegistry  : Running the evict task with compensationTime 1ms
2026-08-03T23:47:22.080-06:00  INFO 3056 --- [discovery-service] [a-EvictionTimer] c.n.e.registry.AbstractInstanceRegistry  : Running the evict task with compensationTime 1ms
2026-08-03T23:47:27.081-06:00  INFO 3056 --- [discovery-service] [a-EvictionTimer] c.n.e.registry.AbstractInstanceRegistry  : Running the evict task with compensationTime 1ms
2026-08-03T23:47:32.082-06:00  INFO 3056 --- [discovery-service] [a-EvictionTimer] c.n.e.registry.AbstractInstanceRegistry  : Running the evict task with compensationTime 0ms
2026-08-03T23:47:37.082-06:00  INFO 3056 --- [discovery-service] [a-EvictionTimer] c.n.e.registry.AbstractInstanceRegistry  : Running the evict task with compensationTime 0ms
2026-08-03T23:47:42.083-06:00  INFO 3056 --- [discovery-service] [a-EvictionTimer] c.n.e.registry.AbstractInstanceRegistry  : Running the evict task with compensationTime 0ms
2026-08-03T23:47:47.083-06:00  INFO 3056 --- [discovery-service] [a-EvictionTimer] c.n.e.registry.AbstractInstanceRegistry  : Running the evict task with compensationTime 0ms
2026-08-03T23:47:52.083-06:00  INFO 3056 --- [discovery-service] [a-EvictionTimer] c.n.e.registry.AbstractInstanceRegistry  : Running the evict task with compensationTime 0ms
2026-08-03T23:47:57.083-06:00  INFO 3056 --- [discovery-service] [a-EvictionTimer] c.n.e.registry.AbstractInstanceRegistry  : Running the evict task with compensationTime 0ms
2026-08-03T23:48:02.083-06:00  INFO 3056 --- [discovery-service] [a-EvictionTimer] c.n.e.registry.AbstractInstanceRegistry  : Running the evict task with compensationTime 0ms
2026-08-03T23:48:07.083-06:00  INFO 3056 --- [discovery-service] [a-EvictionTimer] c.n.e.registry.AbstractInstanceRegistry  : Running the evict task with compensationTime 0ms
2026-08-03T23:48:12.084-06:00  INFO 3056 --- [discovery-service] [a-EvictionTimer] c.n.e.registry.AbstractInstanceRegistry  : Running the evict task with compensationTime 0ms
2026-08-03T23:48:17.085-06:00  INFO 3056 --- [discovery-service] [a-EvictionTimer] c.n.e.registry.AbstractInstanceRegistry  : Running the evict task with compensationTime 0ms
2026-08-03T23:48:22.086-06:00  INFO 3056 --- [discovery-service] [a-EvictionTimer] c.n.e.registry.AbstractInstanceRegistry  : Running the evict task with compensationTime 1ms
2026-08-03T23:48:27.087-06:00  INFO 3056 --- [discovery-service] [a-EvictionTimer] c.n.e.registry.AbstractInstanceRegistry  : Running the evict task with compensationTime 1ms
2026-08-03T23:48:32.087-06:00  INFO 3056 --- [discovery-service] [a-EvictionTimer] c.n.e.registry.AbstractInstanceRegistry  : Running the evict task with compensationTime 0ms
2026-08-03T23:48:37.088-06:00  INFO 3056 --- [discovery-service] [a-EvictionTimer] c.n.e.registry.AbstractInstanceRegistry  : Running the evict task with compensationTime 0ms
2026-08-03T23:48:42.089-06:00  INFO 3056 --- [discovery-service] [a-EvictionTimer] c.n.e.registry.AbstractInstanceRegistry  : Running the evict task with compensationTime 1ms
2026-08-03T23:48:47.090-06:00  INFO 3056 --- [discovery-service] [a-EvictionTimer] c.n.e.registry.AbstractInstanceRegistry  : Running the evict task with compensationTime 0ms
2026-08-03T23:48:52.090-06:00  INFO 3056 --- [discovery-service] [a-EvictionTimer] c.n.e.registry.AbstractInstanceRegistry  : Running the evict task with compensationTime 0ms
2026-08-03T23:48:57.090-06:00  INFO 3056 --- [discovery-service] [a-EvictionTimer] c.n.e.registry.AbstractInstanceRegistry  : Running the evict task with compensationTime 0ms
2026-08-03T23:49:02.091-06:00  INFO 3056 --- [discovery-service] [a-EvictionTimer] c.n.e.registry.AbstractInstanceRegistry  : Running the evict task with compensationTime 0ms
2026-08-03T23:49:07.092-06:00  INFO 3056 --- [discovery-service] [a-EvictionTimer] c.n.e.registry.AbstractInstanceRegistry  : Running the evict task with compensationTime 1ms
2026-08-03T23:49:12.093-06:00  INFO 3056 --- [discovery-service] [a-EvictionTimer] c.n.e.registry.AbstractInstanceRegistry  : Running the evict task with compensationTime 0ms
2026-08-03T23:49:17.093-06:00  INFO 3056 --- [discovery-service] [a-EvictionTimer] c.n.e.registry.AbstractInstanceRegistry  : Running the evict task with compensationTime 0ms
2026-08-03T23:49:22.094-06:00  INFO 3056 --- [discovery-service] [a-EvictionTimer] c.n.e.registry.AbstractInstanceRegistry  : Running the evict task with compensationTime 0ms
2026-08-03T23:49:27.094-06:00  INFO 3056 --- [discovery-service] [a-EvictionTimer] c.n.e.registry.AbstractInstanceRegistry  : Running the evict task with compensationTime 0ms
2026-08-03T23:49:32.095-06:00  INFO 3056 --- [discovery-service] [a-EvictionTimer] c.n.e.registry.AbstractInstanceRegistry  : Running the evict task with compensationTime 0ms
2026-08-03T23:49:37.095-06:00  INFO 3056 --- [discovery-service] [a-EvictionTimer] c.n.e.registry.AbstractInstanceRegistry  : Running the evict task with compensationTime 0ms
2026-08-03T23:49:42.095-06:00  INFO 3056 --- [discovery-service] [a-EvictionTimer] c.n.e.registry.AbstractInstanceRegistry  : Running the evict task with compensationTime 0ms
2026-08-03T23:49:47.095-06:00  INFO 3056 --- [discovery-service] [a-EvictionTimer] c.n.e.registry.AbstractInstanceRegistry  : Running the evict task with compensationTime 0ms
2026-08-03T23:49:52.095-06:00  INFO 3056 --- [discovery-service] [a-EvictionTimer] c.n.e.registry.AbstractInstanceRegistry  : Running the evict task with compensationTime 0ms
2026-08-03T23:49:57.095-06:00  INFO 3056 --- [discovery-service] [a-EvictionTimer] c.n.e.registry.AbstractInstanceRegistry  : Running the evict task with compensationTime 0ms
2026-08-03T23:50:02.095-06:00  INFO 3056 --- [discovery-service] [a-EvictionTimer] c.n.e.registry.AbstractInstanceRegistry  : Running the evict task with compensationTime 0ms
2026-08-03T23:50:07.096-06:00  INFO 3056 --- [discovery-service] [a-EvictionTimer] c.n.e.registry.AbstractInstanceRegistry  : Running the evict task with compensationTime 0ms
2026-08-03T23:50:12.097-06:00  INFO 3056 --- [discovery-service] [a-EvictionTimer] c.n.e.registry.AbstractInstanceRegistry  : Running the evict task with compensationTime 0ms
2026-08-03T23:50:17.097-06:00  INFO 3056 --- [discovery-service] [a-EvictionTimer] c.n.e.registry.AbstractInstanceRegistry  : Running the evict task with compensationTime 1ms
2026-08-03T23:50:22.097-06:00  INFO 3056 --- [discovery-service] [a-EvictionTimer] c.n.e.registry.AbstractInstanceRegistry  : Running the evict task with compensationTime 0ms
2026-08-03T23:50:27.098-06:00  INFO 3056 --- [discovery-service] [a-EvictionTimer] c.n.e.registry.AbstractInstanceRegistry  : Running the evict task with compensationTime 0ms
2026-08-03T23:50:32.098-06:00  INFO 3056 --- [discovery-service] [a-EvictionTimer] c.n.e.registry.AbstractInstanceRegistry  : Running the evict task with compensationTime 0ms
2026-08-03T23:50:37.098-06:00  INFO 3056 --- [discovery-service] [a-EvictionTimer] c.n.e.registry.AbstractInstanceRegistry  : Running the evict task with compensationTime 0ms
2026-08-03T23:50:42.099-06:00  INFO 3056 --- [discovery-service] [a-EvictionTimer] c.n.e.registry.AbstractInstanceRegistry  : Running the evict task with compensationTime 0ms
2026-08-03T23:50:47.100-06:00  INFO 3056 --- [discovery-service] [a-EvictionTimer] c.n.e.registry.AbstractInstanceRegistry  : Running the evict task with compensationTime 1ms
2026-08-03T23:50:52.101-06:00  INFO 3056 --- [discovery-service] [a-EvictionTimer] c.n.e.registry.AbstractInstanceRegistry  : Running the evict task with compensationTime 0ms
2026-08-03T23:50:57.100-06:00  INFO 3056 --- [discovery-service] [a-EvictionTimer] c.n.e.registry.AbstractInstanceRegistry  : Running the evict task with compensationTime 0ms
2026-08-03T23:51:02.101-06:00  INFO 3056 --- [discovery-service] [a-EvictionTimer] c.n.e.registry.AbstractInstanceRegistry  : Running the evict task with compensationTime 0ms
2026-08-03T23:51:07.101-06:00  INFO 3056 --- [discovery-service] [a-EvictionTimer] c.n.e.registry.AbstractInstanceRegistry  : Running the evict task with compensationTime 0ms
2026-08-03T23:51:12.102-06:00  INFO 3056 --- [discovery-service] [a-EvictionTimer] c.n.e.registry.AbstractInstanceRegistry  : Running the evict task with compensationTime 0ms
2026-08-03T23:51:17.102-06:00  INFO 3056 --- [discovery-service] [a-EvictionTimer] c.n.e.registry.AbstractInstanceRegistry  : Running the evict task with compensationTime 0ms
2026-08-03T23:51:22.102-06:00  INFO 3056 --- [discovery-service] [a-EvictionTimer] c.n.e.registry.AbstractInstanceRegistry  : Running the evict task with compensationTime 0ms
2026-08-03T23:51:27.102-06:00  INFO 3056 --- [discovery-service] [a-EvictionTimer] c.n.e.registry.AbstractInstanceRegistry  : Running the evict task with compensationTime 0ms
2026-08-03T23:51:32.103-06:00  INFO 3056 --- [discovery-service] [a-EvictionTimer] c.n.e.registry.AbstractInstanceRegistry  : Running the evict task with compensationTime 0ms
2026-08-03T23:51:37.103-06:00  INFO 3056 --- [discovery-service] [a-EvictionTimer] c.n.e.registry.AbstractInstanceRegistry  : Running the evict task with compensationTime 0ms
2026-08-03T23:51:42.103-06:00  INFO 3056 --- [discovery-service] [a-EvictionTimer] c.n.e.registry.AbstractInstanceRegistry  : Running the evict task with compensationTime 0ms
2026-08-03T23:51:47.104-06:00  INFO 3056 --- [discovery-service] [a-EvictionTimer] c.n.e.registry.AbstractInstanceRegistry  : Running the evict task with compensationTime 0ms
2026-08-03T23:51:52.105-06:00  INFO 3056 --- [discovery-service] [a-EvictionTimer] c.n.e.registry.AbstractInstanceRegistry  : Running the evict task with compensationTime 1ms
2026-08-03T23:51:57.106-06:00  INFO 3056 --- [discovery-service] [a-EvictionTimer] c.n.e.registry.AbstractInstanceRegistry  : Running the evict task with compensationTime 1ms
2026-08-03T23:52:02.107-06:00  INFO 3056 --- [discovery-service] [a-EvictionTimer] c.n.e.registry.AbstractInstanceRegistry  : Running the evict task with compensationTime 0ms
2026-08-03T23:52:07.107-06:00  INFO 3056 --- [discovery-service] [a-EvictionTimer] c.n.e.registry.AbstractInstanceRegistry  : Running the evict task with compensationTime 0ms
2026-08-03T23:52:12.108-06:00  INFO 3056 --- [discovery-service] [a-EvictionTimer] c.n.e.registry.AbstractInstanceRegistry  : Running the evict task with compensationTime 0ms
2026-08-03T23:52:17.108-06:00  INFO 3056 --- [discovery-service] [a-EvictionTimer] c.n.e.registry.AbstractInstanceRegistry  : Running the evict task with compensationTime 0ms
2026-08-03T23:52:22.108-06:00  INFO 3056 --- [discovery-service] [a-EvictionTimer] c.n.e.registry.AbstractInstanceRegistry  : Running the evict task with compensationTime 0ms
2026-08-03T23:52:27.108-06:00  INFO 3056 --- [discovery-service] [a-EvictionTimer] c.n.e.registry.AbstractInstanceRegistry  : Running the evict task with compensationTime 0ms
2026-08-03T23:52:32.108-06:00  INFO 3056 --- [discovery-service] [a-EvictionTimer] c.n.e.registry.AbstractInstanceRegistry  : Running the evict task with compensationTime 0ms
2026-08-03T23:52:37.108-06:00  INFO 3056 --- [discovery-service] [a-EvictionTimer] c.n.e.registry.AbstractInstanceRegistry  : Running the evict task with compensationTime 0ms
2026-08-03T23:52:42.108-06:00  INFO 3056 --- [discovery-service] [a-EvictionTimer] c.n.e.registry.AbstractInstanceRegistry  : Running the evict task with compensationTime 0ms
2026-08-03T23:52:47.108-06:00  INFO 3056 --- [discovery-service] [a-EvictionTimer] c.n.e.registry.AbstractInstanceRegistry  : Running the evict task with compensationTime 0ms
2026-08-03T23:52:52.109-06:00  INFO 3056 --- [discovery-service] [a-EvictionTimer] c.n.e.registry.AbstractInstanceRegistry  : Running the evict task with compensationTime 0ms
2026-08-03T23:52:57.109-06:00  INFO 3056 --- [discovery-service] [a-EvictionTimer] c.n.e.registry.AbstractInstanceRegistry  : Running the evict task with compensationTime 0ms
2026-08-03T23:53:02.110-06:00  INFO 3056 --- [discovery-service] [a-EvictionTimer] c.n.e.registry.AbstractInstanceRegistry  : Running the evict task with compensationTime 0ms
2026-08-03T23:53:07.111-06:00  INFO 3056 --- [discovery-service] [a-EvictionTimer] c.n.e.registry.AbstractInstanceRegistry  : Running the evict task with compensationTime 1ms
2026-08-03T23:53:12.112-06:00  INFO 3056 --- [discovery-service] [a-EvictionTimer] c.n.e.registry.AbstractInstanceRegistry  : Running the evict task with compensationTime 1ms
2026-08-03T23:53:17.113-06:00  INFO 3056 --- [discovery-service] [a-EvictionTimer] c.n.e.registry.AbstractInstanceRegistry  : Running the evict task with compensationTime 0ms
2026-08-03T23:53:22.113-06:00  INFO 3056 --- [discovery-service] [a-EvictionTimer] c.n.e.registry.AbstractInstanceRegistry  : Running the evict task with compensationTime 0ms
2026-08-03T23:53:27.113-06:00  INFO 3056 --- [discovery-service] [a-EvictionTimer] c.n.e.registry.AbstractInstanceRegistry  : Running the evict task with compensationTime 0ms
2026-08-03T23:53:32.113-06:00  INFO 3056 --- [discovery-service] [a-EvictionTimer] c.n.e.registry.AbstractInstanceRegistry  : Running the evict task with compensationTime 0ms
2026-08-03T23:53:37.113-06:00  INFO 3056 --- [discovery-service] [a-EvictionTimer] c.n.e.registry.AbstractInstanceRegistry  : Running the evict task with compensationTime 0ms
2026-08-03T23:53:42.114-06:00  INFO 3056 --- [discovery-service] [a-EvictionTimer] c.n.e.registry.AbstractInstanceRegistry  : Running the evict task with compensationTime 0ms
2026-08-03T23:53:47.114-06:00  INFO 3056 --- [discovery-service] [a-EvictionTimer] c.n.e.registry.AbstractInstanceRegistry  : Running the evict task with compensationTime 0ms
2026-08-03T23:53:52.115-06:00  INFO 3056 --- [discovery-service] [a-EvictionTimer] c.n.e.registry.AbstractInstanceRegistry  : Running the evict task with compensationTime 0ms
2026-08-03T23:53:57.115-06:00  INFO 3056 --- [discovery-service] [a-EvictionTimer] c.n.e.registry.AbstractInstanceRegistry  : Running the evict task with compensationTime 0ms
2026-08-03T23:54:02.116-06:00  INFO 3056 --- [discovery-service] [a-EvictionTimer] c.n.e.registry.AbstractInstanceRegistry  : Running the evict task with compensationTime 0ms
2026-08-03T23:54:07.117-06:00  INFO 3056 --- [discovery-service] [a-EvictionTimer] c.n.e.registry.AbstractInstanceRegistry  : Running the evict task with compensationTime 1ms
2026-08-03T23:54:12.117-06:00  INFO 3056 --- [discovery-service] [a-EvictionTimer] c.n.e.registry.AbstractInstanceRegistry  : Running the evict task with compensationTime 0ms
2026-08-03T23:54:17.118-06:00  INFO 3056 --- [discovery-service] [a-EvictionTimer] c.n.e.registry.AbstractInstanceRegistry  : Running the evict task with compensationTime 0ms
2026-08-03T23:54:22.118-06:00  INFO 3056 --- [discovery-service] [a-EvictionTimer] c.n.e.registry.AbstractInstanceRegistry  : Running the evict task with compensationTime 0ms
2026-08-03T23:54:27.120-06:00  INFO 3056 --- [discovery-service] [a-EvictionTimer] c.n.e.registry.AbstractInstanceRegistry  : Running the evict task with compensationTime 1ms
2026-08-03T23:54:32.120-06:00  INFO 3056 --- [discovery-service] [a-EvictionTimer] c.n.e.registry.AbstractInstanceRegistry  : Running the evict task with compensationTime 0ms
2026-08-03T23:54:37.121-06:00  INFO 3056 --- [discovery-service] [a-EvictionTimer] c.n.e.registry.AbstractInstanceRegistry  : Running the evict task with compensationTime 0ms
2026-08-03T23:54:42.122-06:00  INFO 3056 --- [discovery-service] [a-EvictionTimer] c.n.e.registry.AbstractInstanceRegistry  : Running the evict task with compensationTime 1ms
2026-08-03T23:54:47.122-06:00  INFO 3056 --- [discovery-service] [a-EvictionTimer] c.n.e.registry.AbstractInstanceRegistry  : Running the evict task with compensationTime 0ms
2026-08-03T23:54:52.123-06:00  INFO 3056 --- [discovery-service] [a-EvictionTimer] c.n.e.registry.AbstractInstanceRegistry  : Running the evict task with compensationTime 0ms
2026-08-03T23:54:57.123-06:00  INFO 3056 --- [discovery-service] [a-EvictionTimer] c.n.e.registry.AbstractInstanceRegistry  : Running the evict task with compensationTime 0ms
2026-08-03T23:55:02.123-06:00  INFO 3056 --- [discovery-service] [a-EvictionTimer] c.n.e.registry.AbstractInstanceRegistry  : Running the evict task with compensationTime 0ms
2026-08-03T23:55:07.124-06:00  INFO 3056 --- [discovery-service] [a-EvictionTimer] c.n.e.registry.AbstractInstanceRegistry  : Running the evict task with compensationTime 1ms
2026-08-03T23:55:12.125-06:00  INFO 3056 --- [discovery-service] [a-EvictionTimer] c.n.e.registry.AbstractInstanceRegistry  : Running the evict task with compensationTime 0ms
2026-08-03T23:55:17.126-06:00  INFO 3056 --- [discovery-service] [a-EvictionTimer] c.n.e.registry.AbstractInstanceRegistry  : Running the evict task with compensationTime 0ms
2026-08-03T23:55:22.126-06:00  INFO 3056 --- [discovery-service] [a-EvictionTimer] c.n.e.registry.AbstractInstanceRegistry  : Running the evict task with compensationTime 0ms
2026-08-03T23:55:27.127-06:00  INFO 3056 --- [discovery-service] [a-EvictionTimer] c.n.e.registry.AbstractInstanceRegistry  : Running the evict task with compensationTime 0ms
2026-08-03T23:55:32.128-06:00  INFO 3056 --- [discovery-service] [a-EvictionTimer] c.n.e.registry.AbstractInstanceRegistry  : Running the evict task with compensationTime 0ms
2026-08-03T23:55:37.129-06:00  INFO 3056 --- [discovery-service] [a-EvictionTimer] c.n.e.registry.AbstractInstanceRegistry  : Running the evict task with compensationTime 1ms
2026-08-03T23:55:42.129-06:00  INFO 3056 --- [discovery-service] [a-EvictionTimer] c.n.e.registry.AbstractInstanceRegistry  : Running the evict task with compensationTime 0ms
2026-08-03T23:55:47.130-06:00  INFO 3056 --- [discovery-service] [a-EvictionTimer] c.n.e.registry.AbstractInstanceRegistry  : Running the evict task with compensationTime 1ms
2026-08-03T23:55:52.130-06:00  INFO 3056 --- [discovery-service] [a-EvictionTimer] c.n.e.registry.AbstractInstanceRegistry  : Running the evict task with compensationTime 0ms
2026-08-03T23:55:57.131-06:00  INFO 3056 --- [discovery-service] [a-EvictionTimer] c.n.e.registry.AbstractInstanceRegistry  : Running the evict task with compensationTime 0ms
2026-08-03T23:56:02.132-06:00  INFO 3056 --- [discovery-service] [a-EvictionTimer] c.n.e.registry.AbstractInstanceRegistry  : Running the evict task with compensationTime 1ms
2026-08-03T23:56:07.133-06:00  INFO 3056 --- [discovery-service] [a-EvictionTimer] c.n.e.registry.AbstractInstanceRegistry  : Running the evict task with compensationTime 1ms
2026-08-03T23:56:12.134-06:00  INFO 3056 --- [discovery-service] [a-EvictionTimer] c.n.e.registry.AbstractInstanceRegistry  : Running the evict task with compensationTime 0ms
2026-08-03T23:56:14.471-06:00  INFO 3056 --- [discovery-service] [hresholdUpdater] c.n.e.r.PeerAwareInstanceRegistryImpl    : Current renewal threshold is : 5
2026-08-03T23:56:15.026-06:00  WARN 3056 --- [discovery-service] [eerNodesUpdater] c.n.eureka.cluster.PeerEurekaNodes       : The replica size seems to be empty. Check the route 53 DNS Registry
2026-08-03T23:56:17.134-06:00  INFO 3056 --- [discovery-service] [a-EvictionTimer] c.n.e.registry.AbstractInstanceRegistry  : Running the evict task with compensationTime 0ms
2026-08-03T23:56:22.134-06:00  INFO 3056 --- [discovery-service] [a-EvictionTimer] c.n.e.registry.AbstractInstanceRegistry  : Running the evict task with compensationTime 0ms
2026-08-03T23:56:27.135-06:00  INFO 3056 --- [discovery-service] [a-EvictionTimer] c.n.e.registry.AbstractInstanceRegistry  : Running the evict task with compensationTime 0ms
2026-08-03T23:56:32.135-06:00  INFO 3056 --- [discovery-service] [a-EvictionTimer] c.n.e.registry.AbstractInstanceRegistry  : Running the evict task with compensationTime 0ms
2026-08-03T23:56:37.135-06:00  INFO 3056 --- [discovery-service] [a-EvictionTimer] c.n.e.registry.AbstractInstanceRegistry  : Running the evict task with compensationTime 0ms
2026-08-03T23:56:42.135-06:00  INFO 3056 --- [discovery-service] [a-EvictionTimer] c.n.e.registry.AbstractInstanceRegistry  : Running the evict task with compensationTime 0ms
2026-08-03T23:56:47.135-06:00  INFO 3056 --- [discovery-service] [a-EvictionTimer] c.n.e.registry.AbstractInstanceRegistry  : Running the evict task with compensationTime 0ms
2026-08-03T23:56:52.135-06:00  INFO 3056 --- [discovery-service] [a-EvictionTimer] c.n.e.registry.AbstractInstanceRegistry  : Running the evict task with compensationTime 0ms
2026-08-03T23:56:57.136-06:00  INFO 3056 --- [discovery-service] [a-EvictionTimer] c.n.e.registry.AbstractInstanceRegistry  : Running the evict task with compensationTime 1ms
2026-08-03T23:57:02.137-06:00  INFO 3056 --- [discovery-service] [a-EvictionTimer] c.n.e.registry.AbstractInstanceRegistry  : Running the evict task with compensationTime 0ms
2026-08-03T23:57:07.137-06:00  INFO 3056 --- [discovery-service] [a-EvictionTimer] c.n.e.registry.AbstractInstanceRegistry  : Running the evict task with compensationTime 0ms
2026-08-03T23:57:12.137-06:00  INFO 3056 --- [discovery-service] [a-EvictionTimer] c.n.e.registry.AbstractInstanceRegistry  : Running the evict task with compensationTime 0ms
2026-08-03T23:57:17.138-06:00  INFO 3056 --- [discovery-service] [a-EvictionTimer] c.n.e.registry.AbstractInstanceRegistry  : Running the evict task with compensationTime 0ms
2026-08-03T23:57:22.138-06:00  INFO 3056 --- [discovery-service] [a-EvictionTimer] c.n.e.registry.AbstractInstanceRegistry  : Running the evict task with compensationTime 0ms
2026-08-03T23:57:27.139-06:00  INFO 3056 --- [discovery-service] [a-EvictionTimer] c.n.e.registry.AbstractInstanceRegistry  : Running the evict task with compensationTime 0ms
2026-08-03T23:57:32.139-06:00  INFO 3056 --- [discovery-service] [a-EvictionTimer] c.n.e.registry.AbstractInstanceRegistry  : Running the evict task with compensationTime 0ms
2026-08-03T23:57:37.140-06:00  INFO 3056 --- [discovery-service] [a-EvictionTimer] c.n.e.registry.AbstractInstanceRegistry  : Running the evict task with compensationTime 0ms
2026-08-03T23:57:42.140-06:00  INFO 3056 --- [discovery-service] [a-EvictionTimer] c.n.e.registry.AbstractInstanceRegistry  : Running the evict task with compensationTime 0ms
2026-08-03T23:57:47.141-06:00  INFO 3056 --- [discovery-service] [a-EvictionTimer] c.n.e.registry.AbstractInstanceRegistry  : Running the evict task with compensationTime 1ms
2026-08-03T23:57:52.141-06:00  INFO 3056 --- [discovery-service] [a-EvictionTimer] c.n.e.registry.AbstractInstanceRegistry  : Running the evict task with compensationTime 0ms
2026-08-03T23:57:57.142-06:00  INFO 3056 --- [discovery-service] [a-EvictionTimer] c.n.e.registry.AbstractInstanceRegistry  : Running the evict task with compensationTime 1ms
2026-08-03T23:58:02.142-06:00  INFO 3056 --- [discovery-service] [a-EvictionTimer] c.n.e.registry.AbstractInstanceRegistry  : Running the evict task with compensationTime 0ms
2026-08-03T23:58:07.142-06:00  INFO 3056 --- [discovery-service] [a-EvictionTimer] c.n.e.registry.AbstractInstanceRegistry  : Running the evict task with compensationTime 0ms
2026-08-03T23:58:12.143-06:00  INFO 3056 --- [discovery-service] [a-EvictionTimer] c.n.e.registry.AbstractInstanceRegistry  : Running the evict task with compensationTime 0ms
2026-08-03T23:58:17.144-06:00  INFO 3056 --- [discovery-service] [a-EvictionTimer] c.n.e.registry.AbstractInstanceRegistry  : Running the evict task with compensationTime 1ms
2026-08-03T23:58:22.145-06:00  INFO 3056 --- [discovery-service] [a-EvictionTimer] c.n.e.registry.AbstractInstanceRegistry  : Running the evict task with compensationTime 0ms
2026-08-03T23:58:27.147-06:00  INFO 3056 --- [discovery-service] [a-EvictionTimer] c.n.e.registry.AbstractInstanceRegistry  : Running the evict task with compensationTime 1ms
2026-08-03T23:58:32.148-06:00  INFO 3056 --- [discovery-service] [a-EvictionTimer] c.n.e.registry.AbstractInstanceRegistry  : Running the evict task with compensationTime 1ms
2026-08-03T23:58:37.149-06:00  INFO 3056 --- [discovery-service] [a-EvictionTimer] c.n.e.registry.AbstractInstanceRegistry  : Running the evict task with compensationTime 1ms
2026-08-03T23:58:42.150-06:00  INFO 3056 --- [discovery-service] [a-EvictionTimer] c.n.e.registry.AbstractInstanceRegistry  : Running the evict task with compensationTime 0ms
2026-08-03T23:58:47.151-06:00  INFO 3056 --- [discovery-service] [a-EvictionTimer] c.n.e.registry.AbstractInstanceRegistry  : Running the evict task with compensationTime 1ms
2026-08-03T23:58:52.151-06:00  INFO 3056 --- [discovery-service] [a-EvictionTimer] c.n.e.registry.AbstractInstanceRegistry  : Running the evict task with compensationTime 0ms
2026-08-03T23:58:57.152-06:00  INFO 3056 --- [discovery-service] [a-EvictionTimer] c.n.e.registry.AbstractInstanceRegistry  : Running the evict task with compensationTime 0ms
2026-08-03T23:59:02.152-06:00  INFO 3056 --- [discovery-service] [a-EvictionTimer] c.n.e.registry.AbstractInstanceRegistry  : Running the evict task with compensationTime 0ms
2026-08-03T23:59:07.153-06:00  INFO 3056 --- [discovery-service] [a-EvictionTimer] c.n.e.registry.AbstractInstanceRegistry  : Running the evict task with compensationTime 0ms
2026-08-03T23:59:12.154-06:00  INFO 3056 --- [discovery-service] [a-EvictionTimer] c.n.e.registry.AbstractInstanceRegistry  : Running the evict task with compensationTime 0ms
2026-08-03T23:59:17.155-06:00  INFO 3056 --- [discovery-service] [a-EvictionTimer] c.n.e.registry.AbstractInstanceRegistry  : Running the evict task with compensationTime 1ms
2026-08-03T23:59:22.155-06:00  INFO 3056 --- [discovery-service] [a-EvictionTimer] c.n.e.registry.AbstractInstanceRegistry  : Running the evict task with compensationTime 0ms
2026-08-03T23:59:27.155-06:00  INFO 3056 --- [discovery-service] [a-EvictionTimer] c.n.e.registry.AbstractInstanceRegistry  : Running the evict task with compensationTime 0ms
2026-08-03T23:59:32.156-06:00  INFO 3056 --- [discovery-service] [a-EvictionTimer] c.n.e.registry.AbstractInstanceRegistry  : Running the evict task with compensationTime 0ms
2026-08-03T23:59:37.156-06:00  INFO 3056 --- [discovery-service] [a-EvictionTimer] c.n.e.registry.AbstractInstanceRegistry  : Running the evict task with compensationTime 1ms
2026-08-03T23:59:42.156-06:00  INFO 3056 --- [discovery-service] [a-EvictionTimer] c.n.e.registry.AbstractInstanceRegistry  : Running the evict task with compensationTime 0ms
2026-08-03T23:59:47.156-06:00  INFO 3056 --- [discovery-service] [a-EvictionTimer] c.n.e.registry.AbstractInstanceRegistry  : Running the evict task with compensationTime 0ms
2026-08-03T23:59:52.157-06:00  INFO 3056 --- [discovery-service] [a-EvictionTimer] c.n.e.registry.AbstractInstanceRegistry  : Running the evict task with compensationTime 0ms
2026-08-03T23:59:57.158-06:00  INFO 3056 --- [discovery-service] [a-EvictionTimer] c.n.e.registry.AbstractInstanceRegistry  : Running the evict task with compensationTime 0ms
2026-08-04T00:00:02.158-06:00  INFO 3056 --- [discovery-service] [a-EvictionTimer] c.n.e.registry.AbstractInstanceRegistry  : Running the evict task with compensationTime 0ms
2026-08-04T00:00:07.158-06:00  INFO 3056 --- [discovery-service] [a-EvictionTimer] c.n.e.registry.AbstractInstanceRegistry  : Running the evict task with compensationTime 0ms
2026-08-04T00:00:12.159-06:00  INFO 3056 --- [discovery-service] [a-EvictionTimer] c.n.e.registry.AbstractInstanceRegistry  : Running the evict task with compensationTime 1ms
2026-08-04T00:00:17.160-06:00  INFO 3056 --- [discovery-service] [a-EvictionTimer] c.n.e.registry.AbstractInstanceRegistry  : Running the evict task with compensationTime 1ms
2026-08-04T00:00:22.160-06:00  INFO 3056 --- [discovery-service] [a-EvictionTimer] c.n.e.registry.AbstractInstanceRegistry  : Running the evict task with compensationTime 0ms
2026-08-04T00:00:27.161-06:00  INFO 3056 --- [discovery-service] [a-EvictionTimer] c.n.e.registry.AbstractInstanceRegistry  : Running the evict task with compensationTime 0ms
2026-08-04T00:00:32.161-06:00  INFO 3056 --- [discovery-service] [a-EvictionTimer] c.n.e.registry.AbstractInstanceRegistry  : Running the evict task with compensationTime 0ms
2026-08-04T00:00:37.161-06:00  INFO 3056 --- [discovery-service] [a-EvictionTimer] c.n.e.registry.AbstractInstanceRegistry  : Running the evict task with compensationTime 0ms
2026-08-04T00:00:42.162-06:00  INFO 3056 --- [discovery-service] [a-EvictionTimer] c.n.e.registry.AbstractInstanceRegistry  : Running the evict task with compensationTime 0ms
2026-08-04T00:00:47.162-06:00  INFO 3056 --- [discovery-service] [a-EvictionTimer] c.n.e.registry.AbstractInstanceRegistry  : Running the evict task with compensationTime 0ms
2026-08-04T00:00:52.163-06:00  INFO 3056 --- [discovery-service] [a-EvictionTimer] c.n.e.registry.AbstractInstanceRegistry  : Running the evict task with compensationTime 0ms
2026-08-04T00:00:57.164-06:00  INFO 3056 --- [discovery-service] [a-EvictionTimer] c.n.e.registry.AbstractInstanceRegistry  : Running the evict task with compensationTime 0ms
2026-08-04T00:01:02.164-06:00  INFO 3056 --- [discovery-service] [a-EvictionTimer] c.n.e.registry.AbstractInstanceRegistry  : Running the evict task with compensationTime 0ms
2026-08-04T00:01:07.165-06:00  INFO 3056 --- [discovery-service] [a-EvictionTimer] c.n.e.registry.AbstractInstanceRegistry  : Running the evict task with compensationTime 1ms
2026-08-04T00:01:12.165-06:00  INFO 3056 --- [discovery-service] [a-EvictionTimer] c.n.e.registry.AbstractInstanceRegistry  : Running the evict task with compensationTime 0ms
2026-08-04T00:01:17.165-06:00  INFO 3056 --- [discovery-service] [a-EvictionTimer] c.n.e.registry.AbstractInstanceRegistry  : Running the evict task with compensationTime 0ms
2026-08-04T00:01:22.166-06:00  INFO 3056 --- [discovery-service] [a-EvictionTimer] c.n.e.registry.AbstractInstanceRegistry  : Running the evict task with compensationTime 0ms
2026-08-04T00:01:27.166-06:00  INFO 3056 --- [discovery-service] [a-EvictionTimer] c.n.e.registry.AbstractInstanceRegistry  : Running the evict task with compensationTime 0ms
2026-08-04T00:01:32.166-06:00  INFO 3056 --- [discovery-service] [a-EvictionTimer] c.n.e.registry.AbstractInstanceRegistry  : Running the evict task with compensationTime 0ms
2026-08-04T00:01:37.166-06:00  INFO 3056 --- [discovery-service] [a-EvictionTimer] c.n.e.registry.AbstractInstanceRegistry  : Running the evict task with compensationTime 0ms
2026-08-04T00:01:42.166-06:00  INFO 3056 --- [discovery-service] [a-EvictionTimer] c.n.e.registry.AbstractInstanceRegistry  : Running the evict task with compensationTime 0ms
2026-08-04T00:01:47.166-06:00  INFO 3056 --- [discovery-service] [a-EvictionTimer] c.n.e.registry.AbstractInstanceRegistry  : Running the evict task with compensationTime 0ms
2026-08-04T00:01:52.166-06:00  INFO 3056 --- [discovery-service] [a-EvictionTimer] c.n.e.registry.AbstractInstanceRegistry  : Running the evict task with compensationTime 0ms
2026-08-04T00:01:57.167-06:00  INFO 3056 --- [discovery-service] [a-EvictionTimer] c.n.e.registry.AbstractInstanceRegistry  : Running the evict task with compensationTime 0ms
2026-08-04T00:02:02.168-06:00  INFO 3056 --- [discovery-service] [a-EvictionTimer] c.n.e.registry.AbstractInstanceRegistry  : Running the evict task with compensationTime 0ms
2026-08-04T00:02:07.169-06:00  INFO 3056 --- [discovery-service] [a-EvictionTimer] c.n.e.registry.AbstractInstanceRegistry  : Running the evict task with compensationTime 1ms
2026-08-04T00:02:12.170-06:00  INFO 3056 --- [discovery-service] [a-EvictionTimer] c.n.e.registry.AbstractInstanceRegistry  : Running the evict task with compensationTime 1ms
2026-08-04T00:02:17.171-06:00  INFO 3056 --- [discovery-service] [a-EvictionTimer] c.n.e.registry.AbstractInstanceRegistry  : Running the evict task with compensationTime 0ms
2026-08-04T00:02:22.171-06:00  INFO 3056 --- [discovery-service] [a-EvictionTimer] c.n.e.registry.AbstractInstanceRegistry  : Running the evict task with compensationTime 0ms
2026-08-04T00:02:27.171-06:00  INFO 3056 --- [discovery-service] [a-EvictionTimer] c.n.e.registry.AbstractInstanceRegistry  : Running the evict task with compensationTime 0ms
2026-08-04T00:02:32.172-06:00  INFO 3056 --- [discovery-service] [a-EvictionTimer] c.n.e.registry.AbstractInstanceRegistry  : Running the evict task with compensationTime 0ms
2026-08-04T00:02:37.172-06:00  INFO 3056 --- [discovery-service] [a-EvictionTimer] c.n.e.registry.AbstractInstanceRegistry  : Running the evict task with compensationTime 0ms
2026-08-04T00:02:42.172-06:00  INFO 3056 --- [discovery-service] [a-EvictionTimer] c.n.e.registry.AbstractInstanceRegistry  : Running the evict task with compensationTime 0ms
2026-08-04T00:02:47.173-06:00  INFO 3056 --- [discovery-service] [a-EvictionTimer] c.n.e.registry.AbstractInstanceRegistry  : Running the evict task with compensationTime 0ms
2026-08-04T00:02:52.173-06:00  INFO 3056 --- [discovery-service] [a-EvictionTimer] c.n.e.registry.AbstractInstanceRegistry  : Running the evict task with compensationTime 0ms
2026-08-04T00:02:57.173-06:00  INFO 3056 --- [discovery-service] [a-EvictionTimer] c.n.e.registry.AbstractInstanceRegistry  : Running the evict task with compensationTime 0ms
2026-08-04T00:03:02.174-06:00  INFO 3056 --- [discovery-service] [a-EvictionTimer] c.n.e.registry.AbstractInstanceRegistry  : Running the evict task with compensationTime 1ms
2026-08-04T00:03:07.174-06:00  INFO 3056 --- [discovery-service] [a-EvictionTimer] c.n.e.registry.AbstractInstanceRegistry  : Running the evict task with compensationTime 0ms
2026-08-04T00:03:12.174-06:00  INFO 3056 --- [discovery-service] [a-EvictionTimer] c.n.e.registry.AbstractInstanceRegistry  : Running the evict task with compensationTime 0ms
2026-08-04T00:03:17.175-06:00  INFO 3056 --- [discovery-service] [a-EvictionTimer] c.n.e.registry.AbstractInstanceRegistry  : Running the evict task with compensationTime 1ms
2026-08-04T00:03:22.175-06:00  INFO 3056 --- [discovery-service] [a-EvictionTimer] c.n.e.registry.AbstractInstanceRegistry  : Running the evict task with compensationTime 0ms
2026-08-04T00:03:27.176-06:00  INFO 3056 --- [discovery-service] [a-EvictionTimer] c.n.e.registry.AbstractInstanceRegistry  : Running the evict task with compensationTime 0ms
2026-08-04T00:03:32.177-06:00  INFO 3056 --- [discovery-service] [a-EvictionTimer] c.n.e.registry.AbstractInstanceRegistry  : Running the evict task with compensationTime 1ms
2026-08-04T00:03:37.177-06:00  INFO 3056 --- [discovery-service] [a-EvictionTimer] c.n.e.registry.AbstractInstanceRegistry  : Running the evict task with compensationTime 0ms
2026-08-04T00:03:42.177-06:00  INFO 3056 --- [discovery-service] [a-EvictionTimer] c.n.e.registry.AbstractInstanceRegistry  : Running the evict task with compensationTime 0ms
2026-08-04T00:03:47.177-06:00  INFO 3056 --- [discovery-service] [a-EvictionTimer] c.n.e.registry.AbstractInstanceRegistry  : Running the evict task with compensationTime 0ms
2026-08-04T00:03:52.177-06:00  INFO 3056 --- [discovery-service] [a-EvictionTimer] c.n.e.registry.AbstractInstanceRegistry  : Running the evict task with compensationTime 0ms
2026-08-04T00:03:57.178-06:00  INFO 3056 --- [discovery-service] [a-EvictionTimer] c.n.e.registry.AbstractInstanceRegistry  : Running the evict task with compensationTime 1ms
2026-08-04T00:04:02.179-06:00  INFO 3056 --- [discovery-service] [a-EvictionTimer] c.n.e.registry.AbstractInstanceRegistry  : Running the evict task with compensationTime 0ms
2026-08-04T00:04:07.180-06:00  INFO 3056 --- [discovery-service] [a-EvictionTimer] c.n.e.registry.AbstractInstanceRegistry  : Running the evict task with compensationTime 1ms
2026-08-04T00:04:12.181-06:00  INFO 3056 --- [discovery-service] [a-EvictionTimer] c.n.e.registry.AbstractInstanceRegistry  : Running the evict task with compensationTime 0ms
2026-08-04T00:04:17.182-06:00  INFO 3056 --- [discovery-service] [a-EvictionTimer] c.n.e.registry.AbstractInstanceRegistry  : Running the evict task with compensationTime 0ms
2026-08-04T00:04:22.183-06:00  INFO 3056 --- [discovery-service] [a-EvictionTimer] c.n.e.registry.AbstractInstanceRegistry  : Running the evict task with compensationTime 1ms
2026-08-04T00:04:27.183-06:00  INFO 3056 --- [discovery-service] [a-EvictionTimer] c.n.e.registry.AbstractInstanceRegistry  : Running the evict task with compensationTime 0ms
2026-08-04T00:04:32.183-06:00  INFO 3056 --- [discovery-service] [a-EvictionTimer] c.n.e.registry.AbstractInstanceRegistry  : Running the evict task with compensationTime 0ms
2026-08-04T00:04:37.183-06:00  INFO 3056 --- [discovery-service] [a-EvictionTimer] c.n.e.registry.AbstractInstanceRegistry  : Running the evict task with compensationTime 0ms
2026-08-04T00:04:42.183-06:00  INFO 3056 --- [discovery-service] [a-EvictionTimer] c.n.e.registry.AbstractInstanceRegistry  : Running the evict task with compensationTime 0ms
2026-08-04T00:04:47.184-06:00  INFO 3056 --- [discovery-service] [a-EvictionTimer] c.n.e.registry.AbstractInstanceRegistry  : Running the evict task with compensationTime 0ms
2026-08-04T00:04:52.184-06:00  INFO 3056 --- [discovery-service] [a-EvictionTimer] c.n.e.registry.AbstractInstanceRegistry  : Running the evict task with compensationTime 0ms
2026-08-04T00:04:57.184-06:00  INFO 3056 --- [discovery-service] [a-EvictionTimer] c.n.e.registry.AbstractInstanceRegistry  : Running the evict task with compensationTime 0ms
2026-08-04T00:05:02.184-06:00  INFO 3056 --- [discovery-service] [a-EvictionTimer] c.n.e.registry.AbstractInstanceRegistry  : Running the evict task with compensationTime 0ms
2026-08-04T00:05:07.185-06:00  INFO 3056 --- [discovery-service] [a-EvictionTimer] c.n.e.registry.AbstractInstanceRegistry  : Running the evict task with compensationTime 1ms
2026-08-04T00:05:12.185-06:00  INFO 3056 --- [discovery-service] [a-EvictionTimer] c.n.e.registry.AbstractInstanceRegistry  : Running the evict task with compensationTime 0ms
2026-08-04T00:05:17.187-06:00  INFO 3056 --- [discovery-service] [a-EvictionTimer] c.n.e.registry.AbstractInstanceRegistry  : Running the evict task with compensationTime 1ms
2026-08-04T00:05:22.187-06:00  INFO 3056 --- [discovery-service] [a-EvictionTimer] c.n.e.registry.AbstractInstanceRegistry  : Running the evict task with compensationTime 0ms
2026-08-04T00:05:27.187-06:00  INFO 3056 --- [discovery-service] [a-EvictionTimer] c.n.e.registry.AbstractInstanceRegistry  : Running the evict task with compensationTime 0ms
2026-08-04T00:05:32.187-06:00  INFO 3056 --- [discovery-service] [a-EvictionTimer] c.n.e.registry.AbstractInstanceRegistry  : Running the evict task with compensationTime 0ms
2026-08-04T00:05:37.187-06:00  INFO 3056 --- [discovery-service] [a-EvictionTimer] c.n.e.registry.AbstractInstanceRegistry  : Running the evict task with compensationTime 0ms
2026-08-04T00:05:42.188-06:00  INFO 3056 --- [discovery-service] [a-EvictionTimer] c.n.e.registry.AbstractInstanceRegistry  : Running the evict task with compensationTime 1ms
2026-08-04T00:05:47.188-06:00  INFO 3056 --- [discovery-service] [a-EvictionTimer] c.n.e.registry.AbstractInstanceRegistry  : Running the evict task with compensationTime 0ms
2026-08-04T00:05:52.188-06:00  INFO 3056 --- [discovery-service] [a-EvictionTimer] c.n.e.registry.AbstractInstanceRegistry  : Running the evict task with compensationTime 0ms
2026-08-04T00:05:57.189-06:00  INFO 3056 --- [discovery-service] [a-EvictionTimer] c.n.e.registry.AbstractInstanceRegistry  : Running the evict task with compensationTime 1ms
2026-08-04T00:06:02.189-06:00  INFO 3056 --- [discovery-service] [a-EvictionTimer] c.n.e.registry.AbstractInstanceRegistry  : Running the evict task with compensationTime 0ms
2026-08-04T00:06:07.190-06:00  INFO 3056 --- [discovery-service] [a-EvictionTimer] c.n.e.registry.AbstractInstanceRegistry  : Running the evict task with compensationTime 0ms
2026-08-04T00:06:12.190-06:00  INFO 3056 --- [discovery-service] [a-EvictionTimer] c.n.e.registry.AbstractInstanceRegistry  : Running the evict task with compensationTime 0ms
2026-08-04T00:06:15.031-06:00  WARN 3056 --- [discovery-service] [eerNodesUpdater] c.n.eureka.cluster.PeerEurekaNodes       : The replica size seems to be empty. Check the route 53 DNS Registry
2026-08-04T00:06:17.191-06:00  INFO 3056 --- [discovery-service] [a-EvictionTimer] c.n.e.registry.AbstractInstanceRegistry  : Running the evict task with compensationTime 0ms
2026-08-04T00:06:22.191-06:00  INFO 3056 --- [discovery-service] [a-EvictionTimer] c.n.e.registry.AbstractInstanceRegistry  : Running the evict task with compensationTime 0ms
2026-08-04T00:06:27.191-06:00  INFO 3056 --- [discovery-service] [a-EvictionTimer] c.n.e.registry.AbstractInstanceRegistry  : Running the evict task with compensationTime 0ms
2026-08-04T00:06:32.192-06:00  INFO 3056 --- [discovery-service] [a-EvictionTimer] c.n.e.registry.AbstractInstanceRegistry  : Running the evict task with compensationTime 1ms
2026-08-04T00:06:37.193-06:00  INFO 3056 --- [discovery-service] [a-EvictionTimer] c.n.e.registry.AbstractInstanceRegistry  : Running the evict task with compensationTime 0ms
2026-08-04T00:06:42.193-06:00  INFO 3056 --- [discovery-service] [a-EvictionTimer] c.n.e.registry.AbstractInstanceRegistry  : Running the evict task with compensationTime 0ms
2026-08-04T00:06:47.194-06:00  INFO 3056 --- [discovery-service] [a-EvictionTimer] c.n.e.registry.AbstractInstanceRegistry  : Running the evict task with compensationTime 0ms
2026-08-04T00:06:52.195-06:00  INFO 3056 --- [discovery-service] [a-EvictionTimer] c.n.e.registry.AbstractInstanceRegistry  : Running the evict task with compensationTime 1ms
2026-08-04T00:06:57.196-06:00  INFO 3056 --- [discovery-service] [a-EvictionTimer] c.n.e.registry.AbstractInstanceRegistry  : Running the evict task with compensationTime 1ms
2026-08-04T00:07:02.196-06:00  INFO 3056 --- [discovery-service] [a-EvictionTimer] c.n.e.registry.AbstractInstanceRegistry  : Running the evict task with compensationTime 0ms
2026-08-04T00:07:07.196-06:00  INFO 3056 --- [discovery-service] [a-EvictionTimer] c.n.e.registry.AbstractInstanceRegistry  : Running the evict task with compensationTime 0ms
2026-08-04T00:07:12.197-06:00  INFO 3056 --- [discovery-service] [a-EvictionTimer] c.n.e.registry.AbstractInstanceRegistry  : Running the evict task with compensationTime 0ms
2026-08-04T00:07:17.197-06:00  INFO 3056 --- [discovery-service] [a-EvictionTimer] c.n.e.registry.AbstractInstanceRegistry  : Running the evict task with compensationTime 0ms
2026-08-04T00:07:22.198-06:00  INFO 3056 --- [discovery-service] [a-EvictionTimer] c.n.e.registry.AbstractInstanceRegistry  : Running the evict task with compensationTime 0ms
2026-08-04T00:07:27.199-06:00  INFO 3056 --- [discovery-service] [a-EvictionTimer] c.n.e.registry.AbstractInstanceRegistry  : Running the evict task with compensationTime 0ms
2026-08-04T00:07:32.199-06:00  INFO 3056 --- [discovery-service] [a-EvictionTimer] c.n.e.registry.AbstractInstanceRegistry  : Running the evict task with compensationTime 0ms
2026-08-04T00:07:37.200-06:00  INFO 3056 --- [discovery-service] [a-EvictionTimer] c.n.e.registry.AbstractInstanceRegistry  : Running the evict task with compensationTime 0ms
2026-08-04T00:07:42.201-06:00  INFO 3056 --- [discovery-service] [a-EvictionTimer] c.n.e.registry.AbstractInstanceRegistry  : Running the evict task with compensationTime 0ms
2026-08-04T00:07:47.201-06:00  INFO 3056 --- [discovery-service] [a-EvictionTimer] c.n.e.registry.AbstractInstanceRegistry  : Running the evict task with compensationTime 0ms
2026-08-04T00:07:52.202-06:00  INFO 3056 --- [discovery-service] [a-EvictionTimer] c.n.e.registry.AbstractInstanceRegistry  : Running the evict task with compensationTime 0ms
2026-08-04T00:07:57.202-06:00  INFO 3056 --- [discovery-service] [a-EvictionTimer] c.n.e.registry.AbstractInstanceRegistry  : Running the evict task with compensationTime 0ms
2026-08-04T00:08:02.202-06:00  INFO 3056 --- [discovery-service] [a-EvictionTimer] c.n.e.registry.AbstractInstanceRegistry  : Running the evict task with compensationTime 0ms
2026-08-04T00:08:07.202-06:00  INFO 3056 --- [discovery-service] [a-EvictionTimer] c.n.e.registry.AbstractInstanceRegistry  : Running the evict task with compensationTime 0ms
2026-08-04T00:08:12.202-06:00  INFO 3056 --- [discovery-service] [a-EvictionTimer] c.n.e.registry.AbstractInstanceRegistry  : Running the evict task with compensationTime 0ms
2026-08-04T00:08:17.202-06:00  INFO 3056 --- [discovery-service] [a-EvictionTimer] c.n.e.registry.AbstractInstanceRegistry  : Running the evict task with compensationTime 0ms
2026-08-04T00:08:22.202-06:00  INFO 3056 --- [discovery-service] [a-EvictionTimer] c.n.e.registry.AbstractInstanceRegistry  : Running the evict task with compensationTime 0ms
2026-08-04T00:08:27.202-06:00  INFO 3056 --- [discovery-service] [a-EvictionTimer] c.n.e.registry.AbstractInstanceRegistry  : Running the evict task with compensationTime 0ms
2026-08-04T00:08:32.202-06:00  INFO 3056 --- [discovery-service] [a-EvictionTimer] c.n.e.registry.AbstractInstanceRegistry  : Running the evict task with compensationTime 0ms
2026-08-04T00:08:37.202-06:00  INFO 3056 --- [discovery-service] [a-EvictionTimer] c.n.e.registry.AbstractInstanceRegistry  : Running the evict task with compensationTime 0ms
2026-08-04T00:08:42.202-06:00  INFO 3056 --- [discovery-service] [a-EvictionTimer] c.n.e.registry.AbstractInstanceRegistry  : Running the evict task with compensationTime 0ms
2026-08-04T00:08:47.202-06:00  INFO 3056 --- [discovery-service] [a-EvictionTimer] c.n.e.registry.AbstractInstanceRegistry  : Running the evict task with compensationTime 0ms
2026-08-04T00:08:52.203-06:00  INFO 3056 --- [discovery-service] [a-EvictionTimer] c.n.e.registry.AbstractInstanceRegistry  : Running the evict task with compensationTime 0ms
2026-08-04T00:08:57.204-06:00  INFO 3056 --- [discovery-service] [a-EvictionTimer] c.n.e.registry.AbstractInstanceRegistry  : Running the evict task with compensationTime 0ms
2026-08-04T00:09:02.204-06:00  INFO 3056 --- [discovery-service] [a-EvictionTimer] c.n.e.registry.AbstractInstanceRegistry  : Running the evict task with compensationTime 0ms
2026-08-04T00:09:07.205-06:00  INFO 3056 --- [discovery-service] [a-EvictionTimer] c.n.e.registry.AbstractInstanceRegistry  : Running the evict task with compensationTime 0ms
2026-08-04T00:09:12.206-06:00  INFO 3056 --- [discovery-service] [a-EvictionTimer] c.n.e.registry.AbstractInstanceRegistry  : Running the evict task with compensationTime 1ms
2026-08-04T00:09:17.206-06:00  INFO 3056 --- [discovery-service] [a-EvictionTimer] c.n.e.registry.AbstractInstanceRegistry  : Running the evict task with compensationTime 0ms
2026-08-04T00:09:22.207-06:00  INFO 3056 --- [discovery-service] [a-EvictionTimer] c.n.e.registry.AbstractInstanceRegistry  : Running the evict task with compensationTime 0ms
2026-08-04T00:09:27.209-06:00  INFO 3056 --- [discovery-service] [a-EvictionTimer] c.n.e.registry.AbstractInstanceRegistry  : Running the evict task with compensationTime 1ms
2026-08-04T00:09:32.209-06:00  INFO 3056 --- [discovery-service] [a-EvictionTimer] c.n.e.registry.AbstractInstanceRegistry  : Running the evict task with compensationTime 0ms
2026-08-04T00:09:37.210-06:00  INFO 3056 --- [discovery-service] [a-EvictionTimer] c.n.e.registry.AbstractInstanceRegistry  : Running the evict task with compensationTime 0ms
2026-08-04T00:09:42.210-06:00  INFO 3056 --- [discovery-service] [a-EvictionTimer] c.n.e.registry.AbstractInstanceRegistry  : Running the evict task with compensationTime 0ms
2026-08-04T00:09:47.210-06:00  INFO 3056 --- [discovery-service] [a-EvictionTimer] c.n.e.registry.AbstractInstanceRegistry  : Running the evict task with compensationTime 0ms
2026-08-04T00:09:52.211-06:00  INFO 3056 --- [discovery-service] [a-EvictionTimer] c.n.e.registry.AbstractInstanceRegistry  : Running the evict task with compensationTime 0ms
2026-08-04T00:09:57.211-06:00  INFO 3056 --- [discovery-service] [a-EvictionTimer] c.n.e.registry.AbstractInstanceRegistry  : Running the evict task with compensationTime 0ms
2026-08-04T00:10:02.211-06:00  INFO 3056 --- [discovery-service] [a-EvictionTimer] c.n.e.registry.AbstractInstanceRegistry  : Running the evict task with compensationTime 0ms
2026-08-04T00:10:07.212-06:00  INFO 3056 --- [discovery-service] [a-EvictionTimer] c.n.e.registry.AbstractInstanceRegistry  : Running the evict task with compensationTime 1ms
2026-08-04T00:10:12.212-06:00  INFO 3056 --- [discovery-service] [a-EvictionTimer] c.n.e.registry.AbstractInstanceRegistry  : Running the evict task with compensationTime 0ms
2026-08-04T00:10:17.212-06:00  INFO 3056 --- [discovery-service] [a-EvictionTimer] c.n.e.registry.AbstractInstanceRegistry  : Running the evict task with compensationTime 0ms
2026-08-04T00:10:22.212-06:00  INFO 3056 --- [discovery-service] [a-EvictionTimer] c.n.e.registry.AbstractInstanceRegistry  : Running the evict task with compensationTime 0ms
2026-08-04T00:10:27.212-06:00  INFO 3056 --- [discovery-service] [a-EvictionTimer] c.n.e.registry.AbstractInstanceRegistry  : Running the evict task with compensationTime 0ms
2026-08-04T00:10:32.212-06:00  INFO 3056 --- [discovery-service] [a-EvictionTimer] c.n.e.registry.AbstractInstanceRegistry  : Running the evict task with compensationTime 0ms
2026-08-04T00:10:37.213-06:00  INFO 3056 --- [discovery-service] [a-EvictionTimer] c.n.e.registry.AbstractInstanceRegistry  : Running the evict task with compensationTime 0ms
2026-08-04T00:10:42.214-06:00  INFO 3056 --- [discovery-service] [a-EvictionTimer] c.n.e.registry.AbstractInstanceRegistry  : Running the evict task with compensationTime 1ms
2026-08-04T00:10:47.216-06:00  INFO 3056 --- [discovery-service] [a-EvictionTimer] c.n.e.registry.AbstractInstanceRegistry  : Running the evict task with compensationTime 1ms
2026-08-04T00:10:52.217-06:00  INFO 3056 --- [discovery-service] [a-EvictionTimer] c.n.e.registry.AbstractInstanceRegistry  : Running the evict task with compensationTime 1ms
2026-08-04T00:10:57.218-06:00  INFO 3056 --- [discovery-service] [a-EvictionTimer] c.n.e.registry.AbstractInstanceRegistry  : Running the evict task with compensationTime 0ms
2026-08-04T00:11:02.219-06:00  INFO 3056 --- [discovery-service] [a-EvictionTimer] c.n.e.registry.AbstractInstanceRegistry  : Running the evict task with compensationTime 1ms
2026-08-04T00:11:07.219-06:00  INFO 3056 --- [discovery-service] [a-EvictionTimer] c.n.e.registry.AbstractInstanceRegistry  : Running the evict task with compensationTime 0ms
2026-08-04T00:11:12.219-06:00  INFO 3056 --- [discovery-service] [a-EvictionTimer] c.n.e.registry.AbstractInstanceRegistry  : Running the evict task with compensationTime 0ms
2026-08-04T00:11:14.472-06:00  INFO 3056 --- [discovery-service] [hresholdUpdater] c.n.e.r.PeerAwareInstanceRegistryImpl    : Current renewal threshold is : 5
2026-08-04T00:11:17.220-06:00  INFO 3056 --- [discovery-service] [a-EvictionTimer] c.n.e.registry.AbstractInstanceRegistry  : Running the evict task with compensationTime 0ms
2026-08-04T00:11:22.221-06:00  INFO 3056 --- [discovery-service] [a-EvictionTimer] c.n.e.registry.AbstractInstanceRegistry  : Running the evict task with compensationTime 0ms
2026-08-04T00:11:27.221-06:00  INFO 3056 --- [discovery-service] [a-EvictionTimer] c.n.e.registry.AbstractInstanceRegistry  : Running the evict task with compensationTime 0ms
2026-08-04T00:11:32.221-06:00  INFO 3056 --- [discovery-service] [a-EvictionTimer] c.n.e.registry.AbstractInstanceRegistry  : Running the evict task with compensationTime 0ms
2026-08-04T00:11:37.222-06:00  INFO 3056 --- [discovery-service] [a-EvictionTimer] c.n.e.registry.AbstractInstanceRegistry  : Running the evict task with compensationTime 0ms
2026-08-04T00:11:42.222-06:00  INFO 3056 --- [discovery-service] [a-EvictionTimer] c.n.e.registry.AbstractInstanceRegistry  : Running the evict task with compensationTime 0ms
2026-08-04T00:11:47.223-06:00  INFO 3056 --- [discovery-service] [a-EvictionTimer] c.n.e.registry.AbstractInstanceRegistry  : Running the evict task with compensationTime 0ms
2026-08-04T00:11:52.226-06:00  INFO 3056 --- [discovery-service] [a-EvictionTimer] c.n.e.registry.AbstractInstanceRegistry  : Running the evict task with compensationTime 4ms
2026-08-04T00:11:57.226-06:00  INFO 3056 --- [discovery-service] [a-EvictionTimer] c.n.e.registry.AbstractInstanceRegistry  : Running the evict task with compensationTime 0ms
2026-08-04T00:12:02.226-06:00  INFO 3056 --- [discovery-service] [a-EvictionTimer] c.n.e.registry.AbstractInstanceRegistry  : Running the evict task with compensationTime 0ms
2026-08-04T00:12:07.226-06:00  INFO 3056 --- [discovery-service] [a-EvictionTimer] c.n.e.registry.AbstractInstanceRegistry  : Running the evict task with compensationTime 0ms
2026-08-04T00:12:12.227-06:00  INFO 3056 --- [discovery-service] [a-EvictionTimer] c.n.e.registry.AbstractInstanceRegistry  : Running the evict task with compensationTime 0ms
2026-08-04T00:12:17.227-06:00  INFO 3056 --- [discovery-service] [a-EvictionTimer] c.n.e.registry.AbstractInstanceRegistry  : Running the evict task with compensationTime 0ms
2026-08-04T00:12:22.227-06:00  INFO 3056 --- [discovery-service] [a-EvictionTimer] c.n.e.registry.AbstractInstanceRegistry  : Running the evict task with compensationTime 1ms
2026-08-04T00:12:27.228-06:00  INFO 3056 --- [discovery-service] [a-EvictionTimer] c.n.e.registry.AbstractInstanceRegistry  : Running the evict task with compensationTime 0ms
2026-08-04T00:12:32.228-06:00  INFO 3056 --- [discovery-service] [a-EvictionTimer] c.n.e.registry.AbstractInstanceRegistry  : Running the evict task with compensationTime 0ms
2026-08-04T00:12:37.229-06:00  INFO 3056 --- [discovery-service] [a-EvictionTimer] c.n.e.registry.AbstractInstanceRegistry  : Running the evict task with compensationTime 0ms
2026-08-04T00:12:42.230-06:00  INFO 3056 --- [discovery-service] [a-EvictionTimer] c.n.e.registry.AbstractInstanceRegistry  : Running the evict task with compensationTime 0ms
2026-08-04T00:12:47.230-06:00  INFO 3056 --- [discovery-service] [a-EvictionTimer] c.n.e.registry.AbstractInstanceRegistry  : Running the evict task with compensationTime 0ms
2026-08-04T00:12:52.231-06:00  INFO 3056 --- [discovery-service] [a-EvictionTimer] c.n.e.registry.AbstractInstanceRegistry  : Running the evict task with compensationTime 1ms
2026-08-04T00:12:57.232-06:00  INFO 3056 --- [discovery-service] [a-EvictionTimer] c.n.e.registry.AbstractInstanceRegistry  : Running the evict task with compensationTime 0ms
2026-08-04T00:13:02.233-06:00  INFO 3056 --- [discovery-service] [a-EvictionTimer] c.n.e.registry.AbstractInstanceRegistry  : Running the evict task with compensationTime 1ms
2026-08-04T00:13:07.233-06:00  INFO 3056 --- [discovery-service] [a-EvictionTimer] c.n.e.registry.AbstractInstanceRegistry  : Running the evict task with compensationTime 0ms
2026-08-04T00:13:12.234-06:00  INFO 3056 --- [discovery-service] [a-EvictionTimer] c.n.e.registry.AbstractInstanceRegistry  : Running the evict task with compensationTime 0ms
2026-08-04T00:13:17.234-06:00  INFO 3056 --- [discovery-service] [a-EvictionTimer] c.n.e.registry.AbstractInstanceRegistry  : Running the evict task with compensationTime 0ms
2026-08-04T00:13:22.235-06:00  INFO 3056 --- [discovery-service] [a-EvictionTimer] c.n.e.registry.AbstractInstanceRegistry  : Running the evict task with compensationTime 0ms
2026-08-04T00:13:27.235-06:00  INFO 3056 --- [discovery-service] [a-EvictionTimer] c.n.e.registry.AbstractInstanceRegistry  : Running the evict task with compensationTime 0ms
2026-08-04T00:13:32.236-06:00  INFO 3056 --- [discovery-service] [a-EvictionTimer] c.n.e.registry.AbstractInstanceRegistry  : Running the evict task with compensationTime 0ms
2026-08-04T00:13:37.236-06:00  INFO 3056 --- [discovery-service] [a-EvictionTimer] c.n.e.registry.AbstractInstanceRegistry  : Running the evict task with compensationTime 0ms
2026-08-04T00:13:42.237-06:00  INFO 3056 --- [discovery-service] [a-EvictionTimer] c.n.e.registry.AbstractInstanceRegistry  : Running the evict task with compensationTime 0ms
2026-08-04T00:13:47.238-06:00  INFO 3056 --- [discovery-service] [a-EvictionTimer] c.n.e.registry.AbstractInstanceRegistry  : Running the evict task with compensationTime 0ms
2026-08-04T00:13:52.239-06:00  INFO 3056 --- [discovery-service] [a-EvictionTimer] c.n.e.registry.AbstractInstanceRegistry  : Running the evict task with compensationTime 1ms
2026-08-04T00:13:57.239-06:00  INFO 3056 --- [discovery-service] [a-EvictionTimer] c.n.e.registry.AbstractInstanceRegistry  : Running the evict task with compensationTime 0ms
2026-08-04T00:14:02.239-06:00  INFO 3056 --- [discovery-service] [a-EvictionTimer] c.n.e.registry.AbstractInstanceRegistry  : Running the evict task with compensationTime 0ms
2026-08-04T00:14:07.240-06:00  INFO 3056 --- [discovery-service] [a-EvictionTimer] c.n.e.registry.AbstractInstanceRegistry  : Running the evict task with compensationTime 0ms
2026-08-04T00:14:12.240-06:00  INFO 3056 --- [discovery-service] [a-EvictionTimer] c.n.e.registry.AbstractInstanceRegistry  : Running the evict task with compensationTime 0ms
2026-08-04T00:14:17.241-06:00  INFO 3056 --- [discovery-service] [a-EvictionTimer] c.n.e.registry.AbstractInstanceRegistry  : Running the evict task with compensationTime 0ms
2026-08-04T00:14:22.242-06:00  INFO 3056 --- [discovery-service] [a-EvictionTimer] c.n.e.registry.AbstractInstanceRegistry  : Running the evict task with compensationTime 1ms
2026-08-04T00:14:27.242-06:00  INFO 3056 --- [discovery-service] [a-EvictionTimer] c.n.e.registry.AbstractInstanceRegistry  : Running the evict task with compensationTime 0ms
2026-08-04T00:14:32.242-06:00  INFO 3056 --- [discovery-service] [a-EvictionTimer] c.n.e.registry.AbstractInstanceRegistry  : Running the evict task with compensationTime 0ms
2026-08-04T00:14:37.243-06:00  INFO 3056 --- [discovery-service] [a-EvictionTimer] c.n.e.registry.AbstractInstanceRegistry  : Running the evict task with compensationTime 0ms
2026-08-04T00:14:42.244-06:00  INFO 3056 --- [discovery-service] [a-EvictionTimer] c.n.e.registry.AbstractInstanceRegistry  : Running the evict task with compensationTime 1ms
2026-08-04T00:14:47.244-06:00  INFO 3056 --- [discovery-service] [a-EvictionTimer] c.n.e.registry.AbstractInstanceRegistry  : Running the evict task with compensationTime 0ms
2026-08-04T00:14:52.245-06:00  INFO 3056 --- [discovery-service] [a-EvictionTimer] c.n.e.registry.AbstractInstanceRegistry  : Running the evict task with compensationTime 0ms
2026-08-04T00:14:57.246-06:00  INFO 3056 --- [discovery-service] [a-EvictionTimer] c.n.e.registry.AbstractInstanceRegistry  : Running the evict task with compensationTime 1ms
2026-08-04T00:15:02.247-06:00  INFO 3056 --- [discovery-service] [a-EvictionTimer] c.n.e.registry.AbstractInstanceRegistry  : Running the evict task with compensationTime 0ms
2026-08-04T00:15:07.247-06:00  INFO 3056 --- [discovery-service] [a-EvictionTimer] c.n.e.registry.AbstractInstanceRegistry  : Running the evict task with compensationTime 1ms
2026-08-04T00:15:12.248-06:00  INFO 3056 --- [discovery-service] [a-EvictionTimer] c.n.e.registry.AbstractInstanceRegistry  : Running the evict task with compensationTime 0ms
2026-08-04T00:15:17.249-06:00  INFO 3056 --- [discovery-service] [a-EvictionTimer] c.n.e.registry.AbstractInstanceRegistry  : Running the evict task with compensationTime 1ms
2026-08-04T00:15:22.250-06:00  INFO 3056 --- [discovery-service] [a-EvictionTimer] c.n.e.registry.AbstractInstanceRegistry  : Running the evict task with compensationTime 0ms
2026-08-04T00:15:27.251-06:00  INFO 3056 --- [discovery-service] [a-EvictionTimer] c.n.e.registry.AbstractInstanceRegistry  : Running the evict task with compensationTime 1ms
2026-08-04T00:15:32.252-06:00  INFO 3056 --- [discovery-service] [a-EvictionTimer] c.n.e.registry.AbstractInstanceRegistry  : Running the evict task with compensationTime 1ms
2026-08-04T00:15:37.252-06:00  INFO 3056 --- [discovery-service] [a-EvictionTimer] c.n.e.registry.AbstractInstanceRegistry  : Running the evict task with compensationTime 0ms
2026-08-04T00:15:42.252-06:00  INFO 3056 --- [discovery-service] [a-EvictionTimer] c.n.e.registry.AbstractInstanceRegistry  : Running the evict task with compensationTime 0ms
2026-08-04T00:15:47.252-06:00  INFO 3056 --- [discovery-service] [a-EvictionTimer] c.n.e.registry.AbstractInstanceRegistry  : Running the evict task with compensationTime 0ms
2026-08-04T00:15:52.252-06:00  INFO 3056 --- [discovery-service] [a-EvictionTimer] c.n.e.registry.AbstractInstanceRegistry  : Running the evict task with compensationTime 0ms
2026-08-04T00:15:57.252-06:00  INFO 3056 --- [discovery-service] [a-EvictionTimer] c.n.e.registry.AbstractInstanceRegistry  : Running the evict task with compensationTime 0ms
2026-08-04T00:16:02.252-06:00  INFO 3056 --- [discovery-service] [a-EvictionTimer] c.n.e.registry.AbstractInstanceRegistry  : Running the evict task with compensationTime 0ms
2026-08-04T00:16:07.253-06:00  INFO 3056 --- [discovery-service] [a-EvictionTimer] c.n.e.registry.AbstractInstanceRegistry  : Running the evict task with compensationTime 0ms
2026-08-04T00:16:12.254-06:00  INFO 3056 --- [discovery-service] [a-EvictionTimer] c.n.e.registry.AbstractInstanceRegistry  : Running the evict task with compensationTime 0ms
2026-08-04T00:16:15.035-06:00  WARN 3056 --- [discovery-service] [eerNodesUpdater] c.n.eureka.cluster.PeerEurekaNodes       : The replica size seems to be empty. Check the route 53 DNS Registry
2026-08-04T00:16:17.255-06:00  INFO 3056 --- [discovery-service] [a-EvictionTimer] c.n.e.registry.AbstractInstanceRegistry  : Running the evict task with compensationTime 1ms
2026-08-04T00:16:22.256-06:00  INFO 3056 --- [discovery-service] [a-EvictionTimer] c.n.e.registry.AbstractInstanceRegistry  : Running the evict task with compensationTime 0ms
2026-08-04T00:16:27.256-06:00  INFO 3056 --- [discovery-service] [a-EvictionTimer] c.n.e.registry.AbstractInstanceRegistry  : Running the evict task with compensationTime 0ms
2026-08-04T00:16:32.257-06:00  INFO 3056 --- [discovery-service] [a-EvictionTimer] c.n.e.registry.AbstractInstanceRegistry  : Running the evict task with compensationTime 0ms
2026-08-04T00:16:37.258-06:00  INFO 3056 --- [discovery-service] [a-EvictionTimer] c.n.e.registry.AbstractInstanceRegistry  : Running the evict task with compensationTime 0ms
2026-08-04T00:16:42.259-06:00  INFO 3056 --- [discovery-service] [a-EvictionTimer] c.n.e.registry.AbstractInstanceRegistry  : Running the evict task with compensationTime 1ms
2026-08-04T00:16:47.260-06:00  INFO 3056 --- [discovery-service] [a-EvictionTimer] c.n.e.registry.AbstractInstanceRegistry  : Running the evict task with compensationTime 0ms
2026-08-04T00:16:52.260-06:00  INFO 3056 --- [discovery-service] [a-EvictionTimer] c.n.e.registry.AbstractInstanceRegistry  : Running the evict task with compensationTime 0ms
2026-08-04T00:16:57.260-06:00  INFO 3056 --- [discovery-service] [a-EvictionTimer] c.n.e.registry.AbstractInstanceRegistry  : Running the evict task with compensationTime 0ms
2026-08-04T00:17:02.260-06:00  INFO 3056 --- [discovery-service] [a-EvictionTimer] c.n.e.registry.AbstractInstanceRegistry  : Running the evict task with compensationTime 0ms
2026-08-04T00:17:07.260-06:00  INFO 3056 --- [discovery-service] [a-EvictionTimer] c.n.e.registry.AbstractInstanceRegistry  : Running the evict task with compensationTime 0ms
2026-08-04T00:17:12.261-06:00  INFO 3056 --- [discovery-service] [a-EvictionTimer] c.n.e.registry.AbstractInstanceRegistry  : Running the evict task with compensationTime 0ms
2026-08-04T00:17:17.261-06:00  INFO 3056 --- [discovery-service] [a-EvictionTimer] c.n.e.registry.AbstractInstanceRegistry  : Running the evict task with compensationTime 0ms
2026-08-04T00:17:22.262-06:00  INFO 3056 --- [discovery-service] [a-EvictionTimer] c.n.e.registry.AbstractInstanceRegistry  : Running the evict task with compensationTime 0ms
2026-08-04T00:17:27.262-06:00  INFO 3056 --- [discovery-service] [a-EvictionTimer] c.n.e.registry.AbstractInstanceRegistry  : Running the evict task with compensationTime 0ms
2026-08-04T00:17:32.263-06:00  INFO 3056 --- [discovery-service] [a-EvictionTimer] c.n.e.registry.AbstractInstanceRegistry  : Running the evict task with compensationTime 0ms
2026-08-04T00:17:37.264-06:00  INFO 3056 --- [discovery-service] [a-EvictionTimer] c.n.e.registry.AbstractInstanceRegistry  : Running the evict task with compensationTime 1ms
2026-08-04T00:17:42.265-06:00  INFO 3056 --- [discovery-service] [a-EvictionTimer] c.n.e.registry.AbstractInstanceRegistry  : Running the evict task with compensationTime 1ms
2026-08-04T00:17:47.265-06:00  INFO 3056 --- [discovery-service] [a-EvictionTimer] c.n.e.registry.AbstractInstanceRegistry  : Running the evict task with compensationTime 0ms
2026-08-04T00:17:52.265-06:00  INFO 3056 --- [discovery-service] [a-EvictionTimer] c.n.e.registry.AbstractInstanceRegistry  : Running the evict task with compensationTime 0ms
2026-08-04T00:17:57.266-06:00  INFO 3056 --- [discovery-service] [a-EvictionTimer] c.n.e.registry.AbstractInstanceRegistry  : Running the evict task with compensationTime 0ms
2026-08-04T00:18:02.267-06:00  INFO 3056 --- [discovery-service] [a-EvictionTimer] c.n.e.registry.AbstractInstanceRegistry  : Running the evict task with compensationTime 0ms
2026-08-04T00:18:07.267-06:00  INFO 3056 --- [discovery-service] [a-EvictionTimer] c.n.e.registry.AbstractInstanceRegistry  : Running the evict task with compensationTime 0ms
2026-08-04T00:18:12.268-06:00  INFO 3056 --- [discovery-service] [a-EvictionTimer] c.n.e.registry.AbstractInstanceRegistry  : Running the evict task with compensationTime 1ms
2026-08-04T00:18:17.269-06:00  INFO 3056 --- [discovery-service] [a-EvictionTimer] c.n.e.registry.AbstractInstanceRegistry  : Running the evict task with compensationTime 1ms
2026-08-04T00:18:22.270-06:00  INFO 3056 --- [discovery-service] [a-EvictionTimer] c.n.e.registry.AbstractInstanceRegistry  : Running the evict task with compensationTime 0ms
2026-08-04T00:18:27.270-06:00  INFO 3056 --- [discovery-service] [a-EvictionTimer] c.n.e.registry.AbstractInstanceRegistry  : Running the evict task with compensationTime 0ms
2026-08-04T00:18:32.271-06:00  INFO 3056 --- [discovery-service] [a-EvictionTimer] c.n.e.registry.AbstractInstanceRegistry  : Running the evict task with compensationTime 0ms
2026-08-04T00:18:37.272-06:00  INFO 3056 --- [discovery-service] [a-EvictionTimer] c.n.e.registry.AbstractInstanceRegistry  : Running the evict task with compensationTime 1ms
2026-08-04T00:18:42.273-06:00  INFO 3056 --- [discovery-service] [a-EvictionTimer] c.n.e.registry.AbstractInstanceRegistry  : Running the evict task with compensationTime 0ms
2026-08-04T00:18:47.274-06:00  INFO 3056 --- [discovery-service] [a-EvictionTimer] c.n.e.registry.AbstractInstanceRegistry  : Running the evict task with compensationTime 1ms
2026-08-04T00:18:52.274-06:00  INFO 3056 --- [discovery-service] [a-EvictionTimer] c.n.e.registry.AbstractInstanceRegistry  : Running the evict task with compensationTime 0ms
2026-08-04T00:18:57.274-06:00  INFO 3056 --- [discovery-service] [a-EvictionTimer] c.n.e.registry.AbstractInstanceRegistry  : Running the evict task with compensationTime 0ms
2026-08-04T00:19:02.274-06:00  INFO 3056 --- [discovery-service] [a-EvictionTimer] c.n.e.registry.AbstractInstanceRegistry  : Running the evict task with compensationTime 0ms
2026-08-04T00:19:07.274-06:00  INFO 3056 --- [discovery-service] [a-EvictionTimer] c.n.e.registry.AbstractInstanceRegistry  : Running the evict task with compensationTime 0ms
2026-08-04T00:19:12.274-06:00  INFO 3056 --- [discovery-service] [a-EvictionTimer] c.n.e.registry.AbstractInstanceRegistry  : Running the evict task with compensationTime 0ms
2026-08-04T00:19:17.275-06:00  INFO 3056 --- [discovery-service] [a-EvictionTimer] c.n.e.registry.AbstractInstanceRegistry  : Running the evict task with compensationTime 0ms
2026-08-04T00:19:22.275-06:00  INFO 3056 --- [discovery-service] [a-EvictionTimer] c.n.e.registry.AbstractInstanceRegistry  : Running the evict task with compensationTime 0ms
2026-08-04T00:19:27.276-06:00  INFO 3056 --- [discovery-service] [a-EvictionTimer] c.n.e.registry.AbstractInstanceRegistry  : Running the evict task with compensationTime 0ms
2026-08-04T00:19:32.276-06:00  INFO 3056 --- [discovery-service] [a-EvictionTimer] c.n.e.registry.AbstractInstanceRegistry  : Running the evict task with compensationTime 0ms
2026-08-04T00:19:37.276-06:00  INFO 3056 --- [discovery-service] [a-EvictionTimer] c.n.e.registry.AbstractInstanceRegistry  : Running the evict task with compensationTime 0ms
2026-08-04T00:19:42.277-06:00  INFO 3056 --- [discovery-service] [a-EvictionTimer] c.n.e.registry.AbstractInstanceRegistry  : Running the evict task with compensationTime 0ms
2026-08-04T00:19:47.277-06:00  INFO 3056 --- [discovery-service] [a-EvictionTimer] c.n.e.registry.AbstractInstanceRegistry  : Running the evict task with compensationTime 0ms
2026-08-04T00:19:52.278-06:00  INFO 3056 --- [discovery-service] [a-EvictionTimer] c.n.e.registry.AbstractInstanceRegistry  : Running the evict task with compensationTime 0ms
2026-08-04T00:19:57.278-06:00  INFO 3056 --- [discovery-service] [a-EvictionTimer] c.n.e.registry.AbstractInstanceRegistry  : Running the evict task with compensationTime 0ms
2026-08-04T00:20:02.279-06:00  INFO 3056 --- [discovery-service] [a-EvictionTimer] c.n.e.registry.AbstractInstanceRegistry  : Running the evict task with compensationTime 0ms
2026-08-04T00:20:07.280-06:00  INFO 3056 --- [discovery-service] [a-EvictionTimer] c.n.e.registry.AbstractInstanceRegistry  : Running the evict task with compensationTime 1ms
2026-08-04T00:20:12.280-06:00  INFO 3056 --- [discovery-service] [a-EvictionTimer] c.n.e.registry.AbstractInstanceRegistry  : Running the evict task with compensationTime 0ms
2026-08-04T00:20:17.281-06:00  INFO 3056 --- [discovery-service] [a-EvictionTimer] c.n.e.registry.AbstractInstanceRegistry  : Running the evict task with compensationTime 0ms
2026-08-04T00:20:22.282-06:00  INFO 3056 --- [discovery-service] [a-EvictionTimer] c.n.e.registry.AbstractInstanceRegistry  : Running the evict task with compensationTime 1ms
2026-08-04T00:20:27.282-06:00  INFO 3056 --- [discovery-service] [a-EvictionTimer] c.n.e.registry.AbstractInstanceRegistry  : Running the evict task with compensationTime 0ms
2026-08-04T00:20:32.282-06:00  INFO 3056 --- [discovery-service] [a-EvictionTimer] c.n.e.registry.AbstractInstanceRegistry  : Running the evict task with compensationTime 0ms
2026-08-04T00:20:37.282-06:00  INFO 3056 --- [discovery-service] [a-EvictionTimer] c.n.e.registry.AbstractInstanceRegistry  : Running the evict task with compensationTime 0ms
2026-08-04T00:20:42.282-06:00  INFO 3056 --- [discovery-service] [a-EvictionTimer] c.n.e.registry.AbstractInstanceRegistry  : Running the evict task with compensationTime 0ms
2026-08-04T00:20:47.282-06:00  INFO 3056 --- [discovery-service] [a-EvictionTimer] c.n.e.registry.AbstractInstanceRegistry  : Running the evict task with compensationTime 0ms
2026-08-04T00:20:52.283-06:00  INFO 3056 --- [discovery-service] [a-EvictionTimer] c.n.e.registry.AbstractInstanceRegistry  : Running the evict task with compensationTime 1ms
2026-08-04T00:20:57.284-06:00  INFO 3056 --- [discovery-service] [a-EvictionTimer] c.n.e.registry.AbstractInstanceRegistry  : Running the evict task with compensationTime 0ms
2026-08-04T00:21:02.285-06:00  INFO 3056 --- [discovery-service] [a-EvictionTimer] c.n.e.registry.AbstractInstanceRegistry  : Running the evict task with compensationTime 1ms
2026-08-04T00:21:07.285-06:00  INFO 3056 --- [discovery-service] [a-EvictionTimer] c.n.e.registry.AbstractInstanceRegistry  : Running the evict task with compensationTime 0ms
2026-08-04T00:21:12.286-06:00  INFO 3056 --- [discovery-service] [a-EvictionTimer] c.n.e.registry.AbstractInstanceRegistry  : Running the evict task with compensationTime 0ms
2026-08-04T00:21:17.286-06:00  INFO 3056 --- [discovery-service] [a-EvictionTimer] c.n.e.registry.AbstractInstanceRegistry  : Running the evict task with compensationTime 0ms
2026-08-04T00:21:22.286-06:00  INFO 3056 --- [discovery-service] [a-EvictionTimer] c.n.e.registry.AbstractInstanceRegistry  : Running the evict task with compensationTime 0ms
2026-08-04T00:21:27.287-06:00  INFO 3056 --- [discovery-service] [a-EvictionTimer] c.n.e.registry.AbstractInstanceRegistry  : Running the evict task with compensationTime 0ms
2026-08-04T00:21:32.287-06:00  INFO 3056 --- [discovery-service] [a-EvictionTimer] c.n.e.registry.AbstractInstanceRegistry  : Running the evict task with compensationTime 0ms
2026-08-04T00:21:37.288-06:00  INFO 3056 --- [discovery-service] [a-EvictionTimer] c.n.e.registry.AbstractInstanceRegistry  : Running the evict task with compensationTime 1ms
2026-08-04T00:21:42.293-06:00  INFO 3056 --- [discovery-service] [a-EvictionTimer] c.n.e.registry.AbstractInstanceRegistry  : Running the evict task with compensationTime 5ms
2026-08-04T00:21:47.293-06:00  INFO 3056 --- [discovery-service] [a-EvictionTimer] c.n.e.registry.AbstractInstanceRegistry  : Running the evict task with compensationTime 0ms
2026-08-04T00:21:52.293-06:00  INFO 3056 --- [discovery-service] [a-EvictionTimer] c.n.e.registry.AbstractInstanceRegistry  : Running the evict task with compensationTime 0ms
2026-08-04T00:21:57.294-06:00  INFO 3056 --- [discovery-service] [a-EvictionTimer] c.n.e.registry.AbstractInstanceRegistry  : Running the evict task with compensationTime 1ms
2026-08-04T00:22:02.295-06:00  INFO 3056 --- [discovery-service] [a-EvictionTimer] c.n.e.registry.AbstractInstanceRegistry  : Running the evict task with compensationTime 0ms
2026-08-04T00:22:07.296-06:00  INFO 3056 --- [discovery-service] [a-EvictionTimer] c.n.e.registry.AbstractInstanceRegistry  : Running the evict task with compensationTime 1ms
2026-08-04T00:22:12.297-06:00  INFO 3056 --- [discovery-service] [a-EvictionTimer] c.n.e.registry.AbstractInstanceRegistry  : Running the evict task with compensationTime 0ms
2026-08-04T00:22:17.298-06:00  INFO 3056 --- [discovery-service] [a-EvictionTimer] c.n.e.registry.AbstractInstanceRegistry  : Running the evict task with compensationTime 0ms
2026-08-04T00:22:22.298-06:00  INFO 3056 --- [discovery-service] [a-EvictionTimer] c.n.e.registry.AbstractInstanceRegistry  : Running the evict task with compensationTime 0ms
2026-08-04T00:22:27.299-06:00  INFO 3056 --- [discovery-service] [a-EvictionTimer] c.n.e.registry.AbstractInstanceRegistry  : Running the evict task with compensationTime 0ms
2026-08-04T00:22:32.299-06:00  INFO 3056 --- [discovery-service] [a-EvictionTimer] c.n.e.registry.AbstractInstanceRegistry  : Running the evict task with compensationTime 0ms
2026-08-04T00:22:37.300-06:00  INFO 3056 --- [discovery-service] [a-EvictionTimer] c.n.e.registry.AbstractInstanceRegistry  : Running the evict task with compensationTime 0ms
2026-08-04T00:22:42.300-06:00  INFO 3056 --- [discovery-service] [a-EvictionTimer] c.n.e.registry.AbstractInstanceRegistry  : Running the evict task with compensationTime 0ms
2026-08-04T00:22:47.301-06:00  INFO 3056 --- [discovery-service] [a-EvictionTimer] c.n.e.registry.AbstractInstanceRegistry  : Running the evict task with compensationTime 0ms
2026-08-04T00:22:52.302-06:00  INFO 3056 --- [discovery-service] [a-EvictionTimer] c.n.e.registry.AbstractInstanceRegistry  : Running the evict task with compensationTime 0ms
2026-08-04T00:22:57.303-06:00  INFO 3056 --- [discovery-service] [a-EvictionTimer] c.n.e.registry.AbstractInstanceRegistry  : Running the evict task with compensationTime 0ms
2026-08-04T00:23:02.303-06:00  INFO 3056 --- [discovery-service] [a-EvictionTimer] c.n.e.registry.AbstractInstanceRegistry  : Running the evict task with compensationTime 0ms
2026-08-04T00:23:07.303-06:00  INFO 3056 --- [discovery-service] [a-EvictionTimer] c.n.e.registry.AbstractInstanceRegistry  : Running the evict task with compensationTime 0ms
2026-08-04T00:23:12.303-06:00  INFO 3056 --- [discovery-service] [a-EvictionTimer] c.n.e.registry.AbstractInstanceRegistry  : Running the evict task with compensationTime 0ms
2026-08-04T00:23:17.304-06:00  INFO 3056 --- [discovery-service] [a-EvictionTimer] c.n.e.registry.AbstractInstanceRegistry  : Running the evict task with compensationTime 0ms
2026-08-04T00:23:22.305-06:00  INFO 3056 --- [discovery-service] [a-EvictionTimer] c.n.e.registry.AbstractInstanceRegistry  : Running the evict task with compensationTime 0ms
2026-08-04T00:23:27.306-06:00  INFO 3056 --- [discovery-service] [a-EvictionTimer] c.n.e.registry.AbstractInstanceRegistry  : Running the evict task with compensationTime 0ms
2026-08-04T00:23:32.307-06:00  INFO 3056 --- [discovery-service] [a-EvictionTimer] c.n.e.registry.AbstractInstanceRegistry  : Running the evict task with compensationTime 0ms
2026-08-04T00:23:37.307-06:00  INFO 3056 --- [discovery-service] [a-EvictionTimer] c.n.e.registry.AbstractInstanceRegistry  : Running the evict task with compensationTime 0ms
2026-08-04T00:23:42.308-06:00  INFO 3056 --- [discovery-service] [a-EvictionTimer] c.n.e.registry.AbstractInstanceRegistry  : Running the evict task with compensationTime 0ms
2026-08-04T00:23:47.308-06:00  INFO 3056 --- [discovery-service] [a-EvictionTimer] c.n.e.registry.AbstractInstanceRegistry  : Running the evict task with compensationTime 0ms
2026-08-04T00:23:52.309-06:00  INFO 3056 --- [discovery-service] [a-EvictionTimer] c.n.e.registry.AbstractInstanceRegistry  : Running the evict task with compensationTime 0ms
2026-08-04T00:23:57.309-06:00  INFO 3056 --- [discovery-service] [a-EvictionTimer] c.n.e.registry.AbstractInstanceRegistry  : Running the evict task with compensationTime 0ms
2026-08-04T00:24:02.310-06:00  INFO 3056 --- [discovery-service] [a-EvictionTimer] c.n.e.registry.AbstractInstanceRegistry  : Running the evict task with compensationTime 0ms
2026-08-04T00:24:07.311-06:00  INFO 3056 --- [discovery-service] [a-EvictionTimer] c.n.e.registry.AbstractInstanceRegistry  : Running the evict task with compensationTime 1ms
2026-08-04T00:24:12.311-06:00  INFO 3056 --- [discovery-service] [a-EvictionTimer] c.n.e.registry.AbstractInstanceRegistry  : Running the evict task with compensationTime 0ms
2026-08-04T00:24:17.313-06:00  INFO 3056 --- [discovery-service] [a-EvictionTimer] c.n.e.registry.AbstractInstanceRegistry  : Running the evict task with compensationTime 1ms
2026-08-04T00:24:22.313-06:00  INFO 3056 --- [discovery-service] [a-EvictionTimer] c.n.e.registry.AbstractInstanceRegistry  : Running the evict task with compensationTime 0ms
2026-08-04T00:24:27.313-06:00  INFO 3056 --- [discovery-service] [a-EvictionTimer] c.n.e.registry.AbstractInstanceRegistry  : Running the evict task with compensationTime 0ms
2026-08-04T00:24:32.314-06:00  INFO 3056 --- [discovery-service] [a-EvictionTimer] c.n.e.registry.AbstractInstanceRegistry  : Running the evict task with compensationTime 0ms
2026-08-04T00:24:37.314-06:00  INFO 3056 --- [discovery-service] [a-EvictionTimer] c.n.e.registry.AbstractInstanceRegistry  : Running the evict task with compensationTime 0ms
2026-08-04T00:24:42.315-06:00  INFO 3056 --- [discovery-service] [a-EvictionTimer] c.n.e.registry.AbstractInstanceRegistry  : Running the evict task with compensationTime 0ms
2026-08-04T00:24:47.316-06:00  INFO 3056 --- [discovery-service] [a-EvictionTimer] c.n.e.registry.AbstractInstanceRegistry  : Running the evict task with compensationTime 1ms
2026-08-04T00:24:52.316-06:00  INFO 3056 --- [discovery-service] [a-EvictionTimer] c.n.e.registry.AbstractInstanceRegistry  : Running the evict task with compensationTime 0ms
2026-08-04T00:24:57.316-06:00  INFO 3056 --- [discovery-service] [a-EvictionTimer] c.n.e.registry.AbstractInstanceRegistry  : Running the evict task with compensationTime 0ms
2026-08-04T00:25:02.317-06:00  INFO 3056 --- [discovery-service] [a-EvictionTimer] c.n.e.registry.AbstractInstanceRegistry  : Running the evict task with compensationTime 0ms
2026-08-04T00:25:07.317-06:00  INFO 3056 --- [discovery-service] [a-EvictionTimer] c.n.e.registry.AbstractInstanceRegistry  : Running the evict task with compensationTime 0ms
2026-08-04T00:25:12.318-06:00  INFO 3056 --- [discovery-service] [a-EvictionTimer] c.n.e.registry.AbstractInstanceRegistry  : Running the evict task with compensationTime 0ms
2026-08-04T00:25:17.319-06:00  INFO 3056 --- [discovery-service] [a-EvictionTimer] c.n.e.registry.AbstractInstanceRegistry  : Running the evict task with compensationTime 1ms
2026-08-04T00:25:22.319-06:00  INFO 3056 --- [discovery-service] [a-EvictionTimer] c.n.e.registry.AbstractInstanceRegistry  : Running the evict task with compensationTime 0ms
2026-08-04T00:25:27.321-06:00  INFO 3056 --- [discovery-service] [a-EvictionTimer] c.n.e.registry.AbstractInstanceRegistry  : Running the evict task with compensationTime 2ms
2026-08-04T00:25:32.321-06:00  INFO 3056 --- [discovery-service] [a-EvictionTimer] c.n.e.registry.AbstractInstanceRegistry  : Running the evict task with compensationTime 0ms
2026-08-04T00:25:37.321-06:00  INFO 3056 --- [discovery-service] [a-EvictionTimer] c.n.e.registry.AbstractInstanceRegistry  : Running the evict task with compensationTime 0ms
2026-08-04T00:25:42.322-06:00  INFO 3056 --- [discovery-service] [a-EvictionTimer] c.n.e.registry.AbstractInstanceRegistry  : Running the evict task with compensationTime 0ms
2026-08-04T00:25:47.323-06:00  INFO 3056 --- [discovery-service] [a-EvictionTimer] c.n.e.registry.AbstractInstanceRegistry  : Running the evict task with compensationTime 0ms
2026-08-04T00:25:52.323-06:00  INFO 3056 --- [discovery-service] [a-EvictionTimer] c.n.e.registry.AbstractInstanceRegistry  : Running the evict task with compensationTime 0ms
2026-08-04T00:25:57.324-06:00  INFO 3056 --- [discovery-service] [a-EvictionTimer] c.n.e.registry.AbstractInstanceRegistry  : Running the evict task with compensationTime 0ms
2026-08-04T00:26:02.325-06:00  INFO 3056 --- [discovery-service] [a-EvictionTimer] c.n.e.registry.AbstractInstanceRegistry  : Running the evict task with compensationTime 0ms
2026-08-04T00:26:07.333-06:00  INFO 3056 --- [discovery-service] [a-EvictionTimer] c.n.e.registry.AbstractInstanceRegistry  : Running the evict task with compensationTime 9ms
2026-08-04T00:26:12.334-06:00  INFO 3056 --- [discovery-service] [a-EvictionTimer] c.n.e.registry.AbstractInstanceRegistry  : Running the evict task with compensationTime 0ms
2026-08-04T00:26:14.473-06:00  INFO 3056 --- [discovery-service] [hresholdUpdater] c.n.e.r.PeerAwareInstanceRegistryImpl    : Current renewal threshold is : 5
2026-08-04T00:26:15.041-06:00  WARN 3056 --- [discovery-service] [eerNodesUpdater] c.n.eureka.cluster.PeerEurekaNodes       : The replica size seems to be empty. Check the route 53 DNS Registry
2026-08-04T00:26:17.334-06:00  INFO 3056 --- [discovery-service] [a-EvictionTimer] c.n.e.registry.AbstractInstanceRegistry  : Running the evict task with compensationTime 0ms
2026-08-04T00:26:22.335-06:00  INFO 3056 --- [discovery-service] [a-EvictionTimer] c.n.e.registry.AbstractInstanceRegistry  : Running the evict task with compensationTime 1ms
2026-08-04T00:26:27.338-06:00  INFO 3056 --- [discovery-service] [a-EvictionTimer] c.n.e.registry.AbstractInstanceRegistry  : Running the evict task with compensationTime 3ms
2026-08-04T00:26:32.340-06:00  INFO 3056 --- [discovery-service] [a-EvictionTimer] c.n.e.registry.AbstractInstanceRegistry  : Running the evict task with compensationTime 1ms
2026-08-04T00:26:37.341-06:00  INFO 3056 --- [discovery-service] [a-EvictionTimer] c.n.e.registry.AbstractInstanceRegistry  : Running the evict task with compensationTime 1ms
2026-08-04T00:26:42.342-06:00  INFO 3056 --- [discovery-service] [a-EvictionTimer] c.n.e.registry.AbstractInstanceRegistry  : Running the evict task with compensationTime 0ms
2026-08-04T00:26:47.342-06:00  INFO 3056 --- [discovery-service] [a-EvictionTimer] c.n.e.registry.AbstractInstanceRegistry  : Running the evict task with compensationTime 0ms
2026-08-04T00:26:52.342-06:00  INFO 3056 --- [discovery-service] [a-EvictionTimer] c.n.e.registry.AbstractInstanceRegistry  : Running the evict task with compensationTime 0ms
